﻿<?xml version="1.0" encoding="utf-8"?>
<Animals>
  <Animal>
    <AID>5</AID>
    <TName>大白母兔</TName>
    <Name>大白母兔幼仔</Name>
    <Gender>1</Gender>
    <MHours>20</MHours>
    <Grass>1</Grass>
    <Price>500</Price>
    <MName>整兔</MName>
    <MPrice>1500</MPrice>
    <PHours>72</PHours>
    <PName>兔仔</PName>
    <PPrice>300</PPrice>
    <BPName>长毛兔仔</BPName>
    <BPPrice>500</BPPrice>
    <Rank>1</Rank>
    <ARank>1</ARank>
    <PHour>6</PHour>
    <PDayNum>3</PDayNum>
    <PMinNum>4</PMinNum>
    <PMaxNum>8</PMaxNum>
    <GName>胡萝卜</GName>
    <CanBuy>1</CanBuy>
    <Advanced>0</Advanced>
    <NotSteal>0</NotSteal>
    <KXBean>0</KXBean>
  </Animal>
  <Animal>
    <AID>10</AID>
    <TName>小灰兔</TName>
    <Name>小灰兔幼仔</Name>
    <Gender>1</Gender>
    <MHours>20</MHours>
    <Grass>1</Grass>
    <Price>500</Price>
    <MName>整灰兔</MName>
    <MPrice>1800</MPrice>
    <PHours>72</PHours>
    <PName>灰兔仔</PName>
    <PPrice>400</PPrice>
    <BPName></BPName>
    <BPPrice>0</BPPrice>
    <Rank>1</Rank>
    <ARank>1</ARank>
    <PHour>6</PHour>
    <PDayNum>3</PDayNum>
    <PMinNum>4</PMinNum>
    <PMaxNum>8</PMaxNum>
    <GName>胡萝卜</GName>
    <CanBuy>0</CanBuy>
    <Advanced>0</Advanced>
    <NotSteal>0</NotSteal>
    <KXBean>0</KXBean>
  </Animal>
  <Animal>
    <AID>11</AID>
    <TName>小粉兔</TName>
    <Name>小粉兔幼仔</Name>
    <Gender>1</Gender>
    <MHours>20</MHours>
    <Grass>1</Grass>
    <Price>500</Price>
    <MName>整粉兔</MName>
    <MPrice>2000</MPrice>
    <PHours>72</PHours>
    <PName>粉兔仔</PName>
    <PPrice>500</PPrice>
    <BPName></BPName>
    <BPPrice>0</BPPrice>
    <Rank>1</Rank>
    <ARank>1</ARank>
    <PHour>6</PHour>
    <PDayNum>3</PDayNum>
    <PMinNum>4</PMinNum>
    <PMaxNum>8</PMaxNum>
    <GName>胡萝卜</GName>
    <CanBuy>0</CanBuy>
    <Advanced>0</Advanced>
    <NotSteal>0</NotSteal>
    <KXBean>0</KXBean>
  </Animal>
  <Animal>
    <AID>1</AID>
    <TName>芦花母鸡</TName>
    <Name>芦花母鸡幼仔</Name>
    <Gender>1</Gender>
    <MHours>16</MHours>
    <Grass>1</Grass>
    <Price>300</Price>
    <MName>整鸡</MName>
    <MPrice>500</MPrice>
    <PHours>72</PHours>
    <PName>鸡蛋</PName>
    <PPrice>50</PPrice>
    <BPName>柴鸡蛋</BPName>
    <BPPrice>80</BPPrice>
    <Rank>3</Rank>
    <ARank>1</ARank>
    <PHour>6</PHour>
    <PDayNum>3</PDayNum>
    <PMinNum>8</PMinNum>
    <PMaxNum>12</PMaxNum>
    <GName>牧草</GName>
    <CanBuy>1</CanBuy>
    <Advanced>0</Advanced>
    <NotSteal>0</NotSteal>
    <KXBean>0</KXBean>
  </Animal>
  <Animal>
    <AID>9</AID>
    <TName>大白母鹅</TName>
    <Name>大白母鹅幼仔</Name>
    <Gender>1</Gender>
    <MHours>24</MHours>
    <Grass>3</Grass>
    <Price>400</Price>
    <MName>整鹅</MName>
    <MPrice>800</MPrice>
    <PHours>72</PHours>
    <PName>鹅蛋</PName>
    <PPrice>60</PPrice>
    <BPName>精品鹅蛋</BPName>
    <BPPrice>100</BPPrice>
    <Rank>4</Rank>
    <ARank>2</ARank>
    <PHour>8</PHour>
    <PDayNum>3</PDayNum>
    <PMinNum>6</PMinNum>
    <PMaxNum>10</PMaxNum>
    <GName>牧草</GName>
    <CanBuy>1</CanBuy>
    <Advanced>0</Advanced>
    <NotSteal>0</NotSteal>
    <KXBean>0</KXBean>
  </Animal>
  <Animal>
    <AID>2</AID>
    <TName>小花母猪</TName>
    <Name>小花母猪幼仔</Name>
    <Gender>1</Gender>
    <MHours>28</MHours>
    <Grass>3</Grass>
    <Price>800</Price>
    <MName>整猪</MName>
    <MPrice>2000</MPrice>
    <PHours>96</PHours>
    <PName>猪仔</PName>
    <PPrice>500</PPrice>
    <BPName>乳猪仔</BPName>
    <BPPrice>1200</BPPrice>
    <Rank>5</Rank>
    <ARank>2</ARank>
    <PHour>10</PHour>
    <PDayNum>2</PDayNum>
    <PMinNum>4</PMinNum>
    <PMaxNum>8</PMaxNum>
    <GName>牧草</GName>
    <CanBuy>1</CanBuy>
    <Advanced>0</Advanced>
    <NotSteal>0</NotSteal>
    <KXBean>0</KXBean>
  </Animal>
  <Animal>
    <AID>3</AID>
    <TName>荷斯坦奶牛</TName>
    <Name>荷斯坦奶牛幼仔</Name>
    <Gender>1</Gender>
    <MHours>36</MHours>
    <Grass>5</Grass>
    <Price>2000</Price>
    <MName>整牛</MName>
    <MPrice>4000</MPrice>
    <PHours>120</PHours>
    <PName>牛奶</PName>
    <PPrice>800</PPrice>
    <BPName>牛初乳</BPName>
    <BPPrice>2000</BPPrice>
    <Rank>7</Rank>
    <ARank>3</ARank>
    <PHour>12</PHour>
    <PDayNum>2</PDayNum>
    <PMinNum>4</PMinNum>
    <PMaxNum>8</PMaxNum>
    <GName>牧草</GName>
    <CanBuy>1</CanBuy>
    <Advanced>0</Advanced>
    <NotSteal>0</NotSteal>
    <KXBean>0</KXBean>
  </Animal>
  <Animal>
    <AID>4</AID>
    <TName>细毛绵羊</TName>
    <Name>细毛绵羊幼仔</Name>
    <Gender>1</Gender>
    <MHours>96</MHours>
    <Grass>4</Grass>
    <Price>1500</Price>
    <MName>整羊</MName>
    <MPrice>2000</MPrice>
    <PHours>96</PHours>
    <PName>羊毛</PName>
    <PPrice>200</PPrice>
    <BPName>精羊毛</BPName>
    <BPPrice>400</BPPrice>
    <Rank>9</Rank>
    <ARank>4</ARank>
    <PHour>12</PHour>
    <PDayNum>2</PDayNum>
    <PMinNum>10</PMinNum>
    <PMaxNum>14</PMaxNum>
    <GName>牧草</GName>
    <CanBuy>1</CanBuy>
    <Advanced>0</Advanced>
    <NotSteal>0</NotSteal>
    <KXBean>0</KXBean>
  </Animal>
  <Animal>
    <AID>12</AID>
    <TName>企鹅</TName>
    <Name>企鹅幼仔</Name>
    <Gender>1</Gender>
    <MHours>36</MHours>
    <Grass>4</Grass>
    <Price>10000</Price>
    <MName>成年企鹅</MName>
    <MPrice>20000</MPrice>
    <PHours>72</PHours>
    <PName>企鹅幼仔</PName>
    <PPrice>30000</PPrice>
    <BPName></BPName>
    <BPPrice>0</BPPrice>
    <Rank>12</Rank>
    <ARank>5</ARank>
    <PHour>20</PHour>
    <PDayNum>1</PDayNum>
    <PMinNum>1</PMinNum>
    <PMaxNum>1</PMaxNum>
    <GName>牧草</GName>
    <CanBuy>1</CanBuy>
    <Advanced>1</Advanced>
    <NotSteal>20</NotSteal>
    <KXBean>0</KXBean>
  </Animal>
  <Animal>
    <AID>14</AID>
    <TName>袋鼠</TName>
    <Name>袋鼠幼仔</Name>
    <Gender>1</Gender>
    <MHours>36</MHours>
    <Grass>5</Grass>
    <Price>15000</Price>
    <MName>成年袋鼠</MName>
    <MPrice>25000</MPrice>
    <PHours>72</PHours>
    <PName>袋鼠幼仔</PName>
    <PPrice>35000</PPrice>
    <BPName></BPName>
    <BPPrice>0</BPPrice>
    <Rank>15</Rank>
    <ARank>5</ARank>
    <PHour>20</PHour>
    <PDayNum>1</PDayNum>
    <PMinNum>1</PMinNum>
    <PMaxNum>1</PMaxNum>
    <GName>牧草</GName>
    <CanBuy>1</CanBuy>
    <Advanced>1</Advanced>
    <NotSteal>20</NotSteal>
    <KXBean>0</KXBean>
  </Animal>
  <Animal>
    <AID>15</AID>
    <TName>亚洲象</TName>
    <Name>亚洲象幼仔</Name>
    <Gender>1</Gender>
    <MHours>36</MHours>
    <Grass>5</Grass>
    <Price>20000</Price>
    <MName>成年亚洲象</MName>
    <MPrice>25000</MPrice>
    <PHours>72</PHours>
    <PName>亚洲象幼仔</PName>
    <PPrice>45000</PPrice>
    <BPName></BPName>
    <BPPrice>0</BPPrice>
    <Rank>18</Rank>
    <ARank>5</ARank>
    <PHour>20</PHour>
    <PDayNum>1</PDayNum>
    <PMinNum>1</PMinNum>
    <PMaxNum>1</PMaxNum>
    <GName>牧草</GName>
    <CanBuy>1</CanBuy>
    <Advanced>1</Advanced>
    <NotSteal>20</NotSteal>
    <KXBean>0</KXBean>
  </Animal>
  <Animal>
    <AID>17</AID>
    <TName>丹顶鹤</TName>
    <Name>丹顶鹤幼仔</Name>
    <Gender>1</Gender>
    <MHours>36</MHours>
    <Grass>4</Grass>
    <Price>25000</Price>
    <MName>成年丹顶鹤</MName>
    <MPrice>30000</MPrice>
    <PHours>72</PHours>
    <PName>丹顶鹤幼鸟</PName>
    <PPrice>50000</PPrice>
    <BPName></BPName>
    <BPPrice>0</BPPrice>
    <Rank>20</Rank>
    <ARank>5</ARank>
    <PHour>24</PHour>
    <PDayNum>1</PDayNum>
    <PMinNum>2</PMinNum>
    <PMaxNum>2</PMaxNum>
    <GName>牧草</GName>
    <CanBuy>1</CanBuy>
    <Advanced>1</Advanced>
    <NotSteal>20</NotSteal>
    <KXBean>0</KXBean>
  </Animal>
  <Animal>
    <AID>18</AID>
    <TName>长颈鹿</TName>
    <Name>长颈鹿幼仔</Name>
    <Gender>1</Gender>
    <MHours>36</MHours>
    <Grass>5</Grass>
    <Price>30000</Price>
    <MName>成年长颈鹿</MName>
    <MPrice>35000</MPrice>
    <PHours>72</PHours>
    <PName>长颈鹿幼仔</PName>
    <PPrice>50000</PPrice>
    <BPName></BPName>
    <BPPrice>0</BPPrice>
    <Rank>20</Rank>
    <ARank>5</ARank>
    <PHour>20</PHour>
    <PDayNum>1</PDayNum>
    <PMinNum>1</PMinNum>
    <PMaxNum>1</PMaxNum>
    <GName>牧草</GName>
    <CanBuy>1</CanBuy>
    <Advanced>1</Advanced>
    <NotSteal>20</NotSteal>
    <KXBean>0</KXBean>
  </Animal>
  <Animal>
    <AID>19</AID>
    <TName>孔雀</TName>
    <Name>孔雀幼仔</Name>
    <Gender>1</Gender>
    <MHours>36</MHours>
    <Grass>4</Grass>
    <Price>35000</Price>
    <MName>成年孔雀</MName>
    <MPrice>40000</MPrice>
    <PHours>72</PHours>
    <PName>孔雀幼鸟</PName>
    <PPrice>65000</PPrice>
    <BPName></BPName>
    <BPPrice>0</BPPrice>
    <Rank>28</Rank>
    <ARank>5</ARank>
    <PHour>20</PHour>
    <PDayNum>1</PDayNum>
    <PMinNum>1</PMinNum>
    <PMaxNum>1</PMaxNum>
    <GName>牧草</GName>
    <CanBuy>1</CanBuy>
    <Advanced>1</Advanced>
    <NotSteal>20</NotSteal>
    <KXBean>0</KXBean>
  </Animal>
  <Animal>
    <AID>63</AID>
    <TName>蒙古马</TName>
    <Name>蒙古马幼仔</Name>
    <Gender>1</Gender>
    <MHours>24</MHours>
    <Grass>4</Grass>
    <Price>60000</Price>
    <MName>成年蒙古马</MName>
    <MPrice>65000</MPrice>
    <PHours>96</PHours>
    <PName>小蒙古马</PName>
    <PPrice>50000</PPrice>
    <BPName></BPName>
    <BPPrice>0</BPPrice>
    <Rank>36</Rank>
    <ARank>5</ARank>
    <PHour>24</PHour>
    <PDayNum>1</PDayNum>
    <PMinNum>1</PMinNum>
    <PMaxNum>1</PMaxNum>
    <GName>牧草</GName>
    <CanBuy>1</CanBuy>
    <Advanced>1</Advanced>
    <NotSteal>20</NotSteal>
    <KXBean>0</KXBean>
  </Animal>
  <Animal>
    <AID>62</AID>
    <TName>汗血宝马</TName>
    <Name>汗血宝马幼仔</Name>
    <Gender>1</Gender>
    <MHours>24</MHours>
    <Grass>10</Grass>
    <Price>0</Price>
    <MName>成年汗血宝马</MName>
    <MPrice>75000</MPrice>
    <PHours>96</PHours>
    <PName>小汗血宝马</PName>
    <PPrice>60000</PPrice>
    <BPName></BPName>
    <BPPrice>0</BPPrice>
    <Rank>0</Rank>
    <ARank>0</ARank>
    <PHour>96</PHour>
    <PDayNum>1</PDayNum>
    <PMinNum>1</PMinNum>
    <PMaxNum>1</PMaxNum>
    <GName>牧草</GName>
    <CanBuy>1</CanBuy>
    <Advanced>1</Advanced>
    <NotSteal>60</NotSteal>
    <KXBean>8</KXBean>
  </Animal>
  <Animal>
    <AID>16</AID>
    <TName>长颈龙</TName>
    <Name>长颈龙幼仔</Name>
    <Gender>1</Gender>
    <MHours>40</MHours>
    <Grass>5</Grass>
    <Price>50000</Price>
    <MName>成年长颈龙</MName>
    <MPrice>60000</MPrice>
    <PHours>72</PHours>
    <PName>长颈龙幼仔</PName>
    <PPrice>70000</PPrice>
    <BPName></BPName>
    <BPPrice>0</BPPrice>
    <Rank>30</Rank>
    <ARank>5</ARank>
    <PHour>20</PHour>
    <PDayNum>1</PDayNum>
    <PMinNum>1</PMinNum>
    <PMaxNum>1</PMaxNum>
    <GName>牧草</GName>
    <CanBuy>1</CanBuy>
    <Advanced>1</Advanced>
    <NotSteal>20</NotSteal>
    <KXBean>0</KXBean>
  </Animal>
  <Animal>
    <AID>27</AID>
    <TName>松鼠</TName>
    <Name>松鼠幼仔</Name>
    <Gender>1</Gender>
    <MHours>24</MHours>
    <Grass>5</Grass>
    <Price>60000</Price>
    <MName>成年松鼠</MName>
    <MPrice>65000</MPrice>
    <PHours>96</PHours>
    <PName>小松鼠</PName>
    <PPrice>70000</PPrice>
    <BPName></BPName>
    <BPPrice>0</BPPrice>
    <Rank>32</Rank>
    <ARank>5</ARank>
    <PHour>20</PHour>
    <PDayNum>1</PDayNum>
    <PMinNum>1</PMinNum>
    <PMaxNum>1</PMaxNum>
    <GName>牧草</GName>
    <CanBuy>1</CanBuy>
    <Advanced>1</Advanced>
    <NotSteal>20</NotSteal>
    <KXBean>0</KXBean>
  </Animal>
  <Animal>
    <AID>28</AID>
    <TName>刺猬</TName>
    <Name>刺猬幼仔</Name>
    <Gender>1</Gender>
    <MHours>24</MHours>
    <Grass>5</Grass>
    <Price>70000</Price>
    <MName>成年刺猬</MName>
    <MPrice>75000</MPrice>
    <PHours>96</PHours>
    <PName>小刺猬</PName>
    <PPrice>70000</PPrice>
    <BPName></BPName>
    <BPPrice>0</BPPrice>
    <Rank>35</Rank>
    <ARank>5</ARank>
    <PHour>24</PHour>
    <PDayNum>1</PDayNum>
    <PMinNum>1</PMinNum>
    <PMaxNum>1</PMaxNum>
    <GName>牧草</GName>
    <CanBuy>1</CanBuy>
    <Advanced>1</Advanced>
    <NotSteal>20</NotSteal>
    <KXBean>0</KXBean>
  </Animal>
  <Animal>
    <AID>22</AID>
    <TName>梅花鹿</TName>
    <Name>梅花鹿幼仔</Name>
    <Gender>0</Gender>
    <MHours>60</MHours>
    <Grass>4</Grass>
    <Price>40000</Price>
    <MName>成年梅花鹿</MName>
    <MPrice>45000</MPrice>
    <PHours>72</PHours>
    <PName>梅花鹿幼仔</PName>
    <PPrice>70000</PPrice>
    <BPName></BPName>
    <BPPrice>0</BPPrice>
    <Rank>40</Rank>
    <ARank>5</ARank>
    <PHour>20</PHour>
    <PDayNum>1</PDayNum>
    <PMinNum>1</PMinNum>
    <PMaxNum>1</PMaxNum>
    <GName>牧草</GName>
    <CanBuy>1</CanBuy>
    <Advanced>1</Advanced>
    <NotSteal>20</NotSteal>
    <KXBean>0</KXBean>
  </Animal>
  <Animal>
    <AID>13</AID>
    <TName>熊猫</TName>
    <Name>熊猫幼仔</Name>
    <Gender>1</Gender>
    <MHours>240</MHours>
    <Grass>1</Grass>
    <Price>200000</Price>
    <MName>成年熊猫</MName>
    <MPrice>250000</MPrice>
    <PHours>72</PHours>
    <PName>熊猫幼仔</PName>
    <PPrice>200000</PPrice>
    <BPName></BPName>
    <BPPrice>0</BPPrice>
    <Rank>45</Rank>
    <ARank>5</ARank>
    <PHour>48</PHour>
    <PDayNum>0</PDayNum>
    <PMinNum>1</PMinNum>
    <PMaxNum>1</PMaxNum>
    <GName>竹子</GName>
    <CanBuy>1</CanBuy>
    <Advanced>1</Advanced>
    <NotSteal>240</NotSteal>
    <KXBean>0</KXBean>
  </Animal>
  <Animal>
    <AID>81</AID>
    <TName>北极熊</TName>
    <Name>北极熊幼仔</Name>
    <Gender>1</Gender>
    <MHours>32</MHours>
    <Grass>2</Grass>
    <Price>260000</Price>
    <MName>成年北极熊</MName>
    <MPrice>320000</MPrice>
    <PHours>72</PHours>
    <PName>小北极熊</PName>
    <PPrice>350000</PPrice>
    <BPName></BPName>
    <BPPrice>0</BPPrice>
    <Rank>0</Rank>
    <ARank>5</ARank>
    <PHour>20</PHour>
    <PDayNum>1</PDayNum>
    <PMinNum>1</PMinNum>
    <PMaxNum>1</PMaxNum>
    <GName>鸡肉</GName>
    <CanBuy>1</CanBuy>
    <Advanced>1</Advanced>
    <NotSteal>120</NotSteal>
    <KXBean>0</KXBean>
  </Animal>
  <Animal>
    <AID>80</AID>
    <TName>树袋熊</TName>
    <Name>树袋熊幼仔</Name>
    <Gender>1</Gender>
    <MHours>32</MHours>
    <Grass>4</Grass>
    <Price>15000</Price>
    <MName>成年树袋熊</MName>
    <MPrice>30000</MPrice>
    <PHours>72</PHours>
    <PName>树袋熊幼仔</PName>
    <PPrice>40000</PPrice>
    <BPName></BPName>
    <BPPrice>0</BPPrice>
    <Rank>12</Rank>
    <ARank>0</ARank>
    <PHour>20</PHour>
    <PDayNum>1</PDayNum>
    <PMinNum>1</PMinNum>
    <PMaxNum>1</PMaxNum>
    <GName>牧草</GName>
    <CanBuy>1</CanBuy>
    <Advanced>1</Advanced>
    <NotSteal>20</NotSteal>
    <KXBean>0</KXBean>
  </Animal>
  <Animal>
    <AID>25</AID>
    <TName>火麒麟</TName>
    <Name>火麒麟幼仔</Name>
    <Gender>1</Gender>
    <MHours>168</MHours>
    <Grass>0</Grass>
    <Price>0</Price>
    <MName>成年麒麟</MName>
    <MPrice>200000</MPrice>
    <PHours>168</PHours>
    <PName>小麒麟</PName>
    <PPrice>40000</PPrice>
    <BPName></BPName>
    <BPPrice>0</BPPrice>
    <Rank>0</Rank>
    <ARank>0</ARank>
    <PHour>20</PHour>
    <PDayNum>1</PDayNum>
    <PMinNum>1</PMinNum>
    <PMaxNum>1</PMaxNum>
    <GName>牧草</GName>
    <CanBuy>1</CanBuy>
    <Advanced>0</Advanced>
    <NotSteal>720</NotSteal>
    <KXBean>8</KXBean>
  </Animal>
  <Animal>
    <AID>23</AID>
    <TName>鹦鹉</TName>
    <Name>鹦鹉幼仔</Name>
    <Gender>0</Gender>
    <MHours>48</MHours>
    <Grass>0</Grass>
    <Price>0</Price>
    <MName>成年鹦鹉</MName>
    <MPrice>80000</MPrice>
    <PHours>0</PHours>
    <PName></PName>
    <PPrice>0</PPrice>
    <BPName></BPName>
    <BPPrice>0</BPPrice>
    <Rank>0</Rank>
    <ARank>0</ARank>
    <PHour>0</PHour>
    <PDayNum>0</PDayNum>
    <PMinNum>0</PMinNum>
    <PMaxNum>0</PMaxNum>
    <GName>牧草</GName>
    <CanBuy>1</CanBuy>
    <Advanced>0</Advanced>
    <NotSteal>0</NotSteal>
    <KXBean>4</KXBean>
  </Animal>
  <Animal>
    <AID>24</AID>
    <TName>信鸽</TName>
    <Name>信鸽幼仔</Name>
    <Gender>1</Gender>
    <MHours>24</MHours>
    <Grass>5</Grass>
    <Price>0</Price>
    <MName>成年鸽子</MName>
    <MPrice>20000</MPrice>
    <PHours>168</PHours>
    <PName>小信鸽</PName>
    <PPrice>6500</PPrice>
    <BPName></BPName>
    <BPPrice>0</BPPrice>
    <Rank>0</Rank>
    <ARank>0</ARank>
    <PHour>24</PHour>
    <PDayNum>1</PDayNum>
    <PMinNum>1</PMinNum>
    <PMaxNum>1</PMaxNum>
    <GName>牧草</GName>
    <CanBuy>1</CanBuy>
    <Advanced>1</Advanced>
    <NotSteal>60</NotSteal>
    <KXBean>7</KXBean>
  </Animal>
  <Animal>
    <AID>29</AID>
    <TName>玉麒麟</TName>
    <Name>玉麒麟幼仔</Name>
    <Gender>1</Gender>
    <MHours>96</MHours>
    <Grass>0</Grass>
    <Price>0</Price>
    <MName>成年玉麒麟</MName>
    <MPrice>20000</MPrice>
    <PHours>72</PHours>
    <PName>玉麒麟幼仔</PName>
    <PPrice>80000</PPrice>
    <BPName></BPName>
    <BPPrice>0</BPPrice>
    <Rank>0</Rank>
    <ARank>0</ARank>
    <PHour>20</PHour>
    <PDayNum>1</PDayNum>
    <PMinNum>1</PMinNum>
    <PMaxNum>1</PMaxNum>
    <GName>牧草</GName>
    <CanBuy>1</CanBuy>
    <Advanced>0</Advanced>
    <NotSteal>720</NotSteal>
    <KXBean>8</KXBean>
  </Animal>
  <Animal>
    <AID>31</AID>
    <TName>神龙</TName>
    <Name>神龙幼仔</Name>
    <Gender>1</Gender>
    <MHours>48</MHours>
    <Grass>0</Grass>
    <Price>0</Price>
    <MName></MName>
    <MPrice>0</MPrice>
    <PHours>120</PHours>
    <PName>小神龙</PName>
    <PPrice>80000</PPrice>
    <BPName></BPName>
    <BPPrice>0</BPPrice>
    <Rank>0</Rank>
    <ARank>0</ARank>
    <PHour>22</PHour>
    <PDayNum>1</PDayNum>
    <PMinNum>1</PMinNum>
    <PMaxNum>1</PMaxNum>
    <GName>牧草</GName>
    <CanBuy>1</CanBuy>
    <Advanced>0</Advanced>
    <NotSteal>60</NotSteal>
    <KXBean>12</KXBean>
  </Animal>
  <Animal>
    <AID>32</AID>
    <TName>贝贝龙</TName>
    <Name>贝贝龙幼仔</Name>
    <Gender>1</Gender>
    <MHours>48</MHours>
    <Grass>0</Grass>
    <Price>0</Price>
    <MName></MName>
    <MPrice>0</MPrice>
    <PHours>120</PHours>
    <PName>贝贝龙</PName>
    <PPrice>20000</PPrice>
    <BPName></BPName>
    <BPPrice>0</BPPrice>
    <Rank>0</Rank>
    <ARank>0</ARank>
    <PHour>22</PHour>
    <PDayNum>1</PDayNum>
    <PMinNum>1</PMinNum>
    <PMaxNum>1</PMaxNum>
    <GName>牧草</GName>
    <CanBuy>0</CanBuy>
    <Advanced>0</Advanced>
    <NotSteal>60</NotSteal>
    <KXBean>12</KXBean>
  </Animal>
  <Animal>
    <AID>33</AID>
    <TName>小白龙</TName>
    <Name>小白龙幼仔</Name>
    <Gender>1</Gender>
    <MHours>48</MHours>
    <Grass>0</Grass>
    <Price>0</Price>
    <MName></MName>
    <MPrice>0</MPrice>
    <PHours>120</PHours>
    <PName>小白龙</PName>
    <PPrice>20000</PPrice>
    <BPName></BPName>
    <BPPrice>0</BPPrice>
    <Rank>0</Rank>
    <ARank>0</ARank>
    <PHour>22</PHour>
    <PDayNum>1</PDayNum>
    <PMinNum>1</PMinNum>
    <PMaxNum>1</PMaxNum>
    <GName>牧草</GName>
    <CanBuy>0</CanBuy>
    <Advanced>0</Advanced>
    <NotSteal>60</NotSteal>
    <KXBean>12</KXBean>
  </Animal>
  <Animal>
    <AID>34</AID>
    <TName>小暴龙</TName>
    <Name>小暴龙幼仔</Name>
    <Gender>1</Gender>
    <MHours>48</MHours>
    <Grass>0</Grass>
    <Price>0</Price>
    <MName></MName>
    <MPrice>0</MPrice>
    <PHours>120</PHours>
    <PName>小暴龙</PName>
    <PPrice>20000</PPrice>
    <BPName></BPName>
    <BPPrice>0</BPPrice>
    <Rank>0</Rank>
    <ARank>0</ARank>
    <PHour>22</PHour>
    <PDayNum>1</PDayNum>
    <PMinNum>1</PMinNum>
    <PMaxNum>1</PMaxNum>
    <GName>牧草</GName>
    <CanBuy>0</CanBuy>
    <Advanced>0</Advanced>
    <NotSteal>60</NotSteal>
    <KXBean>12</KXBean>
  </Animal>
  <Animal>
    <AID>35</AID>
    <TName>小飞龙</TName>
    <Name>小飞龙幼仔</Name>
    <Gender>1</Gender>
    <MHours>48</MHours>
    <Grass>0</Grass>
    <Price>0</Price>
    <MName></MName>
    <MPrice>0</MPrice>
    <PHours>120</PHours>
    <PName>小飞龙</PName>
    <PPrice>40000</PPrice>
    <BPName></BPName>
    <BPPrice>0</BPPrice>
    <Rank>0</Rank>
    <ARank>0</ARank>
    <PHour>22</PHour>
    <PDayNum>1</PDayNum>
    <PMinNum>1</PMinNum>
    <PMaxNum>1</PMaxNum>
    <GName>牧草</GName>
    <CanBuy>0</CanBuy>
    <Advanced>0</Advanced>
    <NotSteal>60</NotSteal>
    <KXBean>12</KXBean>
  </Animal>
  <Animal>
    <AID>36</AID>
    <TName>小火龙</TName>
    <Name>小火龙幼仔</Name>
    <Gender>1</Gender>
    <MHours>48</MHours>
    <Grass>0</Grass>
    <Price>0</Price>
    <MName></MName>
    <MPrice>0</MPrice>
    <PHours>120</PHours>
    <PName>小火龙</PName>
    <PPrice>40000</PPrice>
    <BPName></BPName>
    <BPPrice>0</BPPrice>
    <Rank>0</Rank>
    <ARank>0</ARank>
    <PHour>22</PHour>
    <PDayNum>1</PDayNum>
    <PMinNum>1</PMinNum>
    <PMaxNum>1</PMaxNum>
    <GName>牧草</GName>
    <CanBuy>0</CanBuy>
    <Advanced>0</Advanced>
    <NotSteal>60</NotSteal>
    <KXBean>12</KXBean>
  </Animal>
  <Animal>
    <AID>37</AID>
    <TName>小水龙</TName>
    <Name>小水龙幼仔</Name>
    <Gender>1</Gender>
    <MHours>48</MHours>
    <Grass>0</Grass>
    <Price>0</Price>
    <MName></MName>
    <MPrice>0</MPrice>
    <PHours>120</PHours>
    <PName>小水龙</PName>
    <PPrice>40000</PPrice>
    <BPName></BPName>
    <BPPrice>0</BPPrice>
    <Rank>0</Rank>
    <ARank>0</ARank>
    <PHour>22</PHour>
    <PDayNum>1</PDayNum>
    <PMinNum>1</PMinNum>
    <PMaxNum>1</PMaxNum>
    <GName>牧草</GName>
    <CanBuy>0</CanBuy>
    <Advanced>0</Advanced>
    <NotSteal>60</NotSteal>
    <KXBean>12</KXBean>
  </Animal>
  <Animal>
    <AID>38</AID>
    <TName>小顽龙</TName>
    <Name>小顽龙幼仔</Name>
    <Gender>1</Gender>
    <MHours>48</MHours>
    <Grass>0</Grass>
    <Price>0</Price>
    <MName></MName>
    <MPrice>0</MPrice>
    <PHours>120</PHours>
    <PName>小顽龙</PName>
    <PPrice>60000</PPrice>
    <BPName></BPName>
    <BPPrice>0</BPPrice>
    <Rank>0</Rank>
    <ARank>0</ARank>
    <PHour>22</PHour>
    <PDayNum>1</PDayNum>
    <PMinNum>1</PMinNum>
    <PMaxNum>1</PMaxNum>
    <GName>牧草</GName>
    <CanBuy>0</CanBuy>
    <Advanced>0</Advanced>
    <NotSteal>60</NotSteal>
    <KXBean>12</KXBean>
  </Animal>
  <Animal>
    <AID>39</AID>
    <TName>小金龙</TName>
    <Name>小金龙幼仔</Name>
    <Gender>1</Gender>
    <MHours>48</MHours>
    <Grass>0</Grass>
    <Price>0</Price>
    <MName></MName>
    <MPrice>0</MPrice>
    <PHours>120</PHours>
    <PName>小金龙</PName>
    <PPrice>60000</PPrice>
    <BPName></BPName>
    <BPPrice>0</BPPrice>
    <Rank>0</Rank>
    <ARank>0</ARank>
    <PHour>22</PHour>
    <PDayNum>1</PDayNum>
    <PMinNum>1</PMinNum>
    <PMaxNum>1</PMaxNum>
    <GName>牧草</GName>
    <CanBuy>0</CanBuy>
    <Advanced>0</Advanced>
    <NotSteal>60</NotSteal>
    <KXBean>12</KXBean>
  </Animal>
  <Animal>
    <AID>40</AID>
    <TName>发财龙</TName>
    <Name>发财龙幼仔</Name>
    <Gender>1</Gender>
    <MHours>48</MHours>
    <Grass>0</Grass>
    <Price>0</Price>
    <MName></MName>
    <MPrice>0</MPrice>
    <PHours>120</PHours>
    <PName>发财龙</PName>
    <PPrice>80000</PPrice>
    <BPName></BPName>
    <BPPrice>0</BPPrice>
    <Rank>0</Rank>
    <ARank>0</ARank>
    <PHour>22</PHour>
    <PDayNum>1</PDayNum>
    <PMinNum>1</PMinNum>
    <PMaxNum>1</PMaxNum>
    <GName>牧草</GName>
    <CanBuy>0</CanBuy>
    <Advanced>0</Advanced>
    <NotSteal>60</NotSteal>
    <KXBean>12</KXBean>
  </Animal>
  <Animal>
    <AID>65</AID>
    <TName>杂耍熊</TName>
    <Name>杂耍熊幼仔</Name>
    <Gender>0</Gender>
    <MHours>24</MHours>
    <Grass>1</Grass>
    <Price>80000</Price>
    <MName>成年杂耍熊</MName>
    <MPrice>65000</MPrice>
    <PHours>120</PHours>
    <PName>小杂耍熊</PName>
    <PPrice>70000</PPrice>
    <BPName></BPName>
    <BPPrice>0</BPPrice>
    <Rank>0</Rank>
    <ARank>5</ARank>
    <PHour>24</PHour>
    <PDayNum>1</PDayNum>
    <PMinNum>1</PMinNum>
    <PMaxNum>1</PMaxNum>
    <GName>鸡肉</GName>
    <CanBuy>0</CanBuy>
    <Advanced>1</Advanced>
    <NotSteal>20</NotSteal>
    <KXBean>0</KXBean>
  </Animal>
  <Animal>
    <AID>66</AID>
    <TName>贪吃熊</TName>
    <Name>贪吃熊幼仔</Name>
    <Gender>0</Gender>
    <MHours>24</MHours>
    <Grass>1</Grass>
    <Price>80000</Price>
    <MName>成年贪吃熊</MName>
    <MPrice>65000</MPrice>
    <PHours>120</PHours>
    <PName>小贪吃熊</PName>
    <PPrice>70000</PPrice>
    <BPName></BPName>
    <BPPrice>0</BPPrice>
    <Rank>0</Rank>
    <ARank>5</ARank>
    <PHour>24</PHour>
    <PDayNum>1</PDayNum>
    <PMinNum>1</PMinNum>
    <PMaxNum>1</PMaxNum>
    <GName>鸡肉</GName>
    <CanBuy>1</CanBuy>
    <Advanced>1</Advanced>
    <NotSteal>20</NotSteal>
    <KXBean>0</KXBean>
  </Animal>
  <Animal>
    <AID>67</AID>
    <TName>狗熊</TName>
    <Name>狗熊幼仔</Name>
    <Gender>0</Gender>
    <MHours>24</MHours>
    <Grass>1</Grass>
    <Price>80000</Price>
    <MName>成年狗熊</MName>
    <MPrice>65000</MPrice>
    <PHours>120</PHours>
    <PName>小狗熊</PName>
    <PPrice>70000</PPrice>
    <BPName></BPName>
    <BPPrice>0</BPPrice>
    <Rank>0</Rank>
    <ARank>5</ARank>
    <PHour>24</PHour>
    <PDayNum>1</PDayNum>
    <PMinNum>1</PMinNum>
    <PMaxNum>1</PMaxNum>
    <GName>鸡肉</GName>
    <CanBuy>1</CanBuy>
    <Advanced>1</Advanced>
    <NotSteal>20</NotSteal>
    <KXBean>0</KXBean>
  </Animal>
  <Animal>
    <AID>68</AID>
    <TName>笨笨熊</TName>
    <Name>笨笨熊幼仔</Name>
    <Gender>0</Gender>
    <MHours>24</MHours>
    <Grass>1</Grass>
    <Price>70000</Price>
    <MName>成年笨笨熊</MName>
    <MPrice>65000</MPrice>
    <PHours>120</PHours>
    <PName>小笨笨熊</PName>
    <PPrice>70000</PPrice>
    <BPName></BPName>
    <BPPrice>0</BPPrice>
    <Rank>0</Rank>
    <ARank>5</ARank>
    <PHour>24</PHour>
    <PDayNum>1</PDayNum>
    <PMinNum>1</PMinNum>
    <PMaxNum>1</PMaxNum>
    <GName>鸡肉</GName>
    <CanBuy>0</CanBuy>
    <Advanced>1</Advanced>
    <NotSteal>20</NotSteal>
    <KXBean>0</KXBean>
  </Animal>
  <Animal>
    <AID>69</AID>
    <TName>冠军熊</TName>
    <Name>冠军熊幼仔</Name>
    <Gender>0</Gender>
    <MHours>24</MHours>
    <Grass>1</Grass>
    <Price>80000</Price>
    <MName>成年冠军熊</MName>
    <MPrice>65000</MPrice>
    <PHours>120</PHours>
    <PName>小冠军熊</PName>
    <PPrice>70000</PPrice>
    <BPName></BPName>
    <BPPrice>0</BPPrice>
    <Rank>0</Rank>
    <ARank>5</ARank>
    <PHour>24</PHour>
    <PDayNum>1</PDayNum>
    <PMinNum>1</PMinNum>
    <PMaxNum>1</PMaxNum>
    <GName>鸡肉</GName>
    <CanBuy>0</CanBuy>
    <Advanced>1</Advanced>
    <NotSteal>20</NotSteal>
    <KXBean>0</KXBean>
  </Animal>
  <Animal>
    <AID>70</AID>
    <TName>老虎</TName>
    <Name>老虎幼仔</Name>
    <Gender>1</Gender>
    <MHours>48</MHours>
    <Grass>2</Grass>
    <Price>100000</Price>
    <MName>成年老虎</MName>
    <MPrice>70000</MPrice>
    <PHours>120</PHours>
    <PName>老虎幼崽</PName>
    <PPrice>75000</PPrice>
    <BPName></BPName>
    <BPPrice>0</BPPrice>
    <Rank>10</Rank>
    <ARank>5</ARank>
    <PHour>24</PHour>
    <PDayNum>1</PDayNum>
    <PMinNum>1</PMinNum>
    <PMaxNum>1</PMaxNum>
    <GName>鸡肉</GName>
    <CanBuy>1</CanBuy>
    <Advanced>1</Advanced>
    <NotSteal>40</NotSteal>
    <KXBean>0</KXBean>
  </Animal>
  <Animal>
    <AID>71</AID>
    <TName>金貔貅</TName>
    <Name>金貔貅幼仔</Name>
    <Gender>1</Gender>
    <MHours>48</MHours>
    <Grass>0</Grass>
    <Price>0</Price>
    <MName>成年金貔貅</MName>
    <MPrice>60000</MPrice>
    <PHours>96</PHours>
    <PName>小金貔貅</PName>
    <PPrice>85000</PPrice>
    <BPName></BPName>
    <BPPrice>0</BPPrice>
    <Rank>0</Rank>
    <ARank>0</ARank>
    <PHour>20</PHour>
    <PDayNum>1</PDayNum>
    <PMinNum>1</PMinNum>
    <PMaxNum>1</PMaxNum>
    <GName>牧草</GName>
    <CanBuy>1</CanBuy>
    <Advanced>0</Advanced>
    <NotSteal>1000000</NotSteal>
    <KXBean>10</KXBean>
  </Animal>
  <Animal>
    <AID>72</AID>
    <TName>福貔貅</TName>
    <Name>福貔貅幼仔</Name>
    <Gender>0</Gender>
    <MHours>24</MHours>
    <Grass>1</Grass>
    <Price>0</Price>
    <MName></MName>
    <MPrice>0</MPrice>
    <PHours>0</PHours>
    <PName>福貔貅</PName>
    <PPrice>15000</PPrice>
    <BPName></BPName>
    <BPPrice>0</BPPrice>
    <Rank>0</Rank>
    <ARank>0</ARank>
    <PHour>0</PHour>
    <PDayNum>1</PDayNum>
    <PMinNum>1</PMinNum>
    <PMaxNum>1</PMaxNum>
    <GName>牧草</GName>
    <CanBuy>0</CanBuy>
    <Advanced>0</Advanced>
    <NotSteal>1000000</NotSteal>
    <KXBean>10</KXBean>
  </Animal>
  <Animal>
    <AID>73</AID>
    <TName>乐貔貅</TName>
    <Name>乐貔貅幼仔</Name>
    <Gender>0</Gender>
    <MHours>24</MHours>
    <Grass>1</Grass>
    <Price>0</Price>
    <MName></MName>
    <MPrice>0</MPrice>
    <PHours>0</PHours>
    <PName>乐貔貅</PName>
    <PPrice>20000</PPrice>
    <BPName></BPName>
    <BPPrice>0</BPPrice>
    <Rank>0</Rank>
    <ARank>0</ARank>
    <PHour>0</PHour>
    <PDayNum>1</PDayNum>
    <PMinNum>1</PMinNum>
    <PMaxNum>1</PMaxNum>
    <GName>牧草</GName>
    <CanBuy>0</CanBuy>
    <Advanced>0</Advanced>
    <NotSteal>1000000</NotSteal>
    <KXBean>10</KXBean>
  </Animal>
  <Animal>
    <AID>74</AID>
    <TName>寿貔貅</TName>
    <Name>寿貔貅幼仔</Name>
    <Gender>0</Gender>
    <MHours>24</MHours>
    <Grass>1</Grass>
    <Price>0</Price>
    <MName></MName>
    <MPrice>0</MPrice>
    <PHours>0</PHours>
    <PName>寿貔貅</PName>
    <PPrice>25000</PPrice>
    <BPName></BPName>
    <BPPrice>0</BPPrice>
    <Rank>0</Rank>
    <ARank>0</ARank>
    <PHour>0</PHour>
    <PDayNum>1</PDayNum>
    <PMinNum>1</PMinNum>
    <PMaxNum>1</PMaxNum>
    <GName>牧草</GName>
    <CanBuy>0</CanBuy>
    <Advanced>0</Advanced>
    <NotSteal>1000000</NotSteal>
    <KXBean>10</KXBean>
  </Animal>
  <Animal>
    <AID>75</AID>
    <TName>喜貔貅</TName>
    <Name>喜貔貅幼仔</Name>
    <Gender>0</Gender>
    <MHours>24</MHours>
    <Grass>1</Grass>
    <Price>0</Price>
    <MName></MName>
    <MPrice>0</MPrice>
    <PHours>0</PHours>
    <PName>喜貔貅</PName>
    <PPrice>30000</PPrice>
    <BPName></BPName>
    <BPPrice>0</BPPrice>
    <Rank>0</Rank>
    <ARank>0</ARank>
    <PHour>0</PHour>
    <PDayNum>1</PDayNum>
    <PMinNum>1</PMinNum>
    <PMaxNum>1</PMaxNum>
    <GName>牧草</GName>
    <CanBuy>0</CanBuy>
    <Advanced>0</Advanced>
    <NotSteal>1000000</NotSteal>
    <KXBean>10</KXBean>
  </Animal>
  <Animal>
    <AID>76</AID>
    <TName>祥貔貅</TName>
    <Name>祥貔貅幼仔</Name>
    <Gender>0</Gender>
    <MHours>24</MHours>
    <Grass>1</Grass>
    <Price>0</Price>
    <MName></MName>
    <MPrice>0</MPrice>
    <PHours>0</PHours>
    <PName>祥貔貅</PName>
    <PPrice>35000</PPrice>
    <BPName></BPName>
    <BPPrice>0</BPPrice>
    <Rank>0</Rank>
    <ARank>0</ARank>
    <PHour>0</PHour>
    <PDayNum>1</PDayNum>
    <PMinNum>1</PMinNum>
    <PMaxNum>1</PMaxNum>
    <GName>牧草</GName>
    <CanBuy>0</CanBuy>
    <Advanced>0</Advanced>
    <NotSteal>1000000</NotSteal>
    <KXBean>10</KXBean>
  </Animal>
  <Animal>
    <AID>77</AID>
    <TName>财貔貅</TName>
    <Name>财貔貅幼仔</Name>
    <Gender>0</Gender>
    <MHours>24</MHours>
    <Grass>1</Grass>
    <Price>0</Price>
    <MName></MName>
    <MPrice>0</MPrice>
    <PHours>0</PHours>
    <PName>财貔貅</PName>
    <PPrice>50000</PPrice>
    <BPName></BPName>
    <BPPrice>0</BPPrice>
    <Rank>0</Rank>
    <ARank>0</ARank>
    <PHour>0</PHour>
    <PDayNum>1</PDayNum>
    <PMinNum>1</PMinNum>
    <PMaxNum>1</PMaxNum>
    <GName>牧草</GName>
    <CanBuy>0</CanBuy>
    <Advanced>0</Advanced>
    <NotSteal>1000000</NotSteal>
    <KXBean>10</KXBean>
  </Animal>
  <Animal>
    <AID>79</AID>
    <TName>花头鹦鹉</TName>
    <Name>花头鹦鹉幼仔</Name>
    <Gender>0</Gender>
    <MHours>48</MHours>
    <Grass>5</Grass>
    <Price>0</Price>
    <MName>成年鹦鹉</MName>
    <MPrice>90000</MPrice>
    <PHours>72</PHours>
    <PName>小鹦鹉</PName>
    <PPrice>95000</PPrice>
    <BPName></BPName>
    <BPPrice>0</BPPrice>
    <Rank>0</Rank>
    <ARank>0</ARank>
    <PHour>24</PHour>
    <PDayNum>1</PDayNum>
    <PMinNum>1</PMinNum>
    <PMaxNum>1</PMaxNum>
    <GName>牧草</GName>
    <CanBuy>1</CanBuy>
    <Advanced>1</Advanced>
    <NotSteal>40</NotSteal>
    <KXBean>4</KXBean>
  </Animal>
  <Animal>
    <AID>82</AID>
    <TName>白虎</TName>
    <Name>白虎幼仔</Name>
    <Gender>0</Gender>
    <MHours>48</MHours>
    <Grass>2</Grass>
    <Price>100000</Price>
    <MName>成年白虎</MName>
    <MPrice>90000</MPrice>
    <PHours>120</PHours>
    <PName>白虎幼崽</PName>
    <PPrice>100000</PPrice>
    <BPName></BPName>
    <BPPrice>0</BPPrice>
    <Rank>0</Rank>
    <ARank>0</ARank>
    <PHour>24</PHour>
    <PDayNum>1</PDayNum>
    <PMinNum>1</PMinNum>
    <PMaxNum>1</PMaxNum>
    <GName>牧草</GName>
    <CanBuy>0</CanBuy>
    <Advanced>1</Advanced>
    <NotSteal>40</NotSteal>
    <KXBean>0</KXBean>
  </Animal>
  <Animal>
    <AID>83</AID>
    <TName>独角兽</TName>
    <Name>独角兽幼仔</Name>
    <Gender>1</Gender>
    <MHours>48</MHours>
    <Grass>0</Grass>
    <Price>0</Price>
    <MName>独角兽</MName>
    <MPrice>60000</MPrice>
    <PHours>72</PHours>
    <PName>小独角兽</PName>
    <PPrice>90000</PPrice>
    <BPName></BPName>
    <BPPrice>0</BPPrice>
    <Rank>0</Rank>
    <ARank>0</ARank>
    <PHour>24</PHour>
    <PDayNum>1</PDayNum>
    <PMinNum>1</PMinNum>
    <PMaxNum>1</PMaxNum>
    <GName>牧草</GName>
    <CanBuy>1</CanBuy>
    <Advanced>1</Advanced>
    <NotSteal>60</NotSteal>
    <KXBean>10</KXBean>
  </Animal>
  <Animal>
    <AID>84</AID>
    <TName>小凌云</TName>
    <Name>小凌云幼仔</Name>
    <Gender>0</Gender>
    <MHours>0</MHours>
    <Grass>0</Grass>
    <Price>0</Price>
    <MName></MName>
    <MPrice>0</MPrice>
    <PHours>0</PHours>
    <PName>小凌云</PName>
    <PPrice>90000</PPrice>
    <BPName></BPName>
    <BPPrice>0</BPPrice>
    <Rank>0</Rank>
    <ARank>0</ARank>
    <PHour>0</PHour>
    <PDayNum>0</PDayNum>
    <PMinNum>0</PMinNum>
    <PMaxNum>0</PMaxNum>
    <GName>牧草</GName>
    <CanBuy>0</CanBuy>
    <Advanced>0</Advanced>
    <NotSteal>60</NotSteal>
    <KXBean>0</KXBean>
  </Animal>
  <Animal>
    <AID>85</AID>
    <TName>小赤电</TName>
    <Name>小赤电幼仔</Name>
    <Gender>0</Gender>
    <MHours>0</MHours>
    <Grass>0</Grass>
    <Price>0</Price>
    <MName></MName>
    <MPrice>0</MPrice>
    <PHours>0</PHours>
    <PName>小赤电</PName>
    <PPrice>90000</PPrice>
    <BPName></BPName>
    <BPPrice>0</BPPrice>
    <Rank>0</Rank>
    <ARank>0</ARank>
    <PHour>0</PHour>
    <PDayNum>0</PDayNum>
    <PMinNum>0</PMinNum>
    <PMaxNum>0</PMaxNum>
    <GName>牧草</GName>
    <CanBuy>0</CanBuy>
    <Advanced>0</Advanced>
    <NotSteal>60</NotSteal>
    <KXBean>0</KXBean>
  </Animal>

  <Animal>
    <AID>86</AID>
    <TName>小黑檀</TName>
    <Name>小黑檀幼仔</Name>
    <Gender>0</Gender>
    <MHours>0</MHours>
    <Grass>0</Grass>
    <Price>0</Price>
    <MName></MName>
    <MPrice>0</MPrice>
    <PHours>0</PHours>
    <PName>小黑檀</PName>
    <PPrice>90000</PPrice>
    <BPName></BPName>
    <BPPrice>0</BPPrice>
    <Rank>0</Rank>
    <ARank>0</ARank>
    <PHour>0</PHour>
    <PDayNum>0</PDayNum>
    <PMinNum>0</PMinNum>
    <PMaxNum>0</PMaxNum>
    <GName>牧草</GName>
    <CanBuy>0</CanBuy>
    <Advanced>0</Advanced>
    <NotSteal>60</NotSteal>
    <KXBean>0</KXBean>
  </Animal>
  <Animal>
    <AID>87</AID>
    <TName>小紫骍</TName>
    <Name>小紫骍幼仔</Name>
    <Gender>0</Gender>
    <MHours>0</MHours>
    <Grass>0</Grass>
    <Price>0</Price>
    <MName></MName>
    <MPrice>0</MPrice>
    <PHours>0</PHours>
    <PName>小紫骍</PName>
    <PPrice>90000</PPrice>
    <BPName></BPName>
    <BPPrice>0</BPPrice>
    <Rank>0</Rank>
    <ARank>0</ARank>
    <PHour>0</PHour>
    <PDayNum>0</PDayNum>
    <PMinNum>0</PMinNum>
    <PMaxNum>0</PMaxNum>
    <GName>牧草</GName>
    <CanBuy>0</CanBuy>
    <Advanced>0</Advanced>
    <NotSteal>60</NotSteal>
    <KXBean>0</KXBean>
  </Animal>
  <Animal>
    <AID>88</AID>
    <TName>小月影</TName>
    <Name>小月影幼仔</Name>
    <Gender>0</Gender>
    <MHours>0</MHours>
    <Grass>0</Grass>
    <Price>0</Price>
    <MName></MName>
    <MPrice>0</MPrice>
    <PHours>0</PHours>
    <PName>小月影</PName>
    <PPrice>90000</PPrice>
    <BPName></BPName>
    <BPPrice>0</BPPrice>
    <Rank>0</Rank>
    <ARank>0</ARank>
    <PHour>0</PHour>
    <PDayNum>0</PDayNum>
    <PMinNum>0</PMinNum>
    <PMaxNum>0</PMaxNum>
    <GName>牧草</GName>
    <CanBuy>0</CanBuy>
    <Advanced>0</Advanced>
    <NotSteal>60</NotSteal>
    <KXBean>0</KXBean>
  </Animal>
  <Animal>
    <AID>89</AID>
    <TName>小追风</TName>
    <Name>小追风幼仔</Name>
    <Gender>0</Gender>
    <MHours>0</MHours>
    <Grass>0</Grass>
    <Price>0</Price>
    <MName></MName>
    <MPrice>0</MPrice>
    <PHours>0</PHours>
    <PName>小追风</PName>
    <PPrice>90000</PPrice>
    <BPName></BPName>
    <BPPrice>0</BPPrice>
    <Rank>0</Rank>
    <ARank>0</ARank>
    <PHour>0</PHour>
    <PDayNum>0</PDayNum>
    <PMinNum>0</PMinNum>
    <PMaxNum>0</PMaxNum>
    <GName>牧草</GName>
    <CanBuy>0</CanBuy>
    <Advanced>0</Advanced>
    <NotSteal>60</NotSteal>
    <KXBean>0</KXBean>
  </Animal>
  <Animal>
    <AID>90</AID>
    <TName>玉兔</TName>
    <Name>玉兔幼仔</Name>
    <Gender>1</Gender>
    <MHours>48</MHours>
    <Grass>0</Grass>
    <Price>0</Price>
    <MName>玉兔</MName>
    <MPrice>0</MPrice>
    <PHours>120</PHours>
    <PName>月光牵心结</PName>
    <PPrice>80000</PPrice>
    <BPName></BPName>
    <BPPrice>0</BPPrice>
    <Rank>0</Rank>
    <ARank>0</ARank>
    <PHour>22</PHour>
    <PDayNum>1</PDayNum>
    <PMinNum>2</PMinNum>
    <PMaxNum>2</PMaxNum>
    <GName>牧草</GName>
    <CanBuy>1</CanBuy>
    <Advanced>1</Advanced>
    <NotSteal>60</NotSteal>
    <KXBean>5</KXBean>
  </Animal>
</Animals>