﻿<?xml version="1.0" encoding="utf-8"?>
<data>
  <defaultadtitle>更多合作细节，请联系Mr.Jailu@gmail.com。</defaultadtitle>
  <defaultadurl>mailto:mr.jailu@gmail.com</defaultadurl>
  <StartAdFormDisplayedProbability>5</StartAdFormDisplayedProbability>
  <IsDisplayedStartAdForm>1</IsDisplayedStartAdForm>
  <StartAdFormPageUrl>http://jailukaixin.duapp.com/City.htm</StartAdFormPageUrl>
  <TopAd>Jailu@新浪微博</TopAd>
  <TopAdLink>http://weibo.com/jailu</TopAdLink>
  <MD5CheckingUrl>http://blog.jailu.me/kaixin001_city_md5</MD5CheckingUrl>
  <AddMe>1</AddMe>
  <version>
    <last>20121130</last>
    <last1>20121130</last1>
    <file>http://kaixin001-helper.googlecode.com/files/City_Build_20121130.zip</file>
    <size>1676430</size>
    <name>开心城管 Build 20121130</name>
    <publisheddate>2012-11-30</publisheddate>
    <whatsnew>
      <![CDATA[
Kaixin001.City Build 20121130 更新日志:
＝＝＝＝＝＝＝＝＝＝＝＝＝＝＝＝＝＝＝
1. 修正开心网调整后，城管读取游戏失败的问题
]]>
    </whatsnew>
  </version>
  <VIPFunc>
<![CDATA[
1. 自动使用体力功能
2. 模拟在线卖货功能
3. 自定义“执行顺序”功能
4. “启动后自运行”功能
5. 自动接收好友车皮的功能
6. 指定火车站好友功能
7. 工厂功能
8. 海上油井功能
9. 缓存登陆信息功能
10. 单坑增益功能
11. 自动救护功能
12. 灰色经营功能
]]>
  </VIPFunc>
  <PaymentLink1>http://blog.jailu.me/how_to_by_city_reg</PaymentLink1>
  <PaymentLink2>http://www.cnblogs.com/jailu/archive/2011/06/21/how_to_by_city_reg.html</PaymentLink2>
  <ads>
    <ad>
      <title>
        20100105版农夫新增强制防大兵成龙功能，请及时更新！
      </title>
      <url>
        http://bbs.snsfun.com/thread-82550-1-1.html
      </url>
      <color>-65408</color>
      <expired>2019-12-13 23:59:59</expired>
    </ad>
  </ads>
  <ads1>
    <ad>
      <title>
        点击下载最新版开心车夫，修正老版本不加油等问题
      </title>
      <url>
        http://bbs.snsfun.com/viewthread.php?tid=74889
      </url>
      <color>-16744448</color>
      <expired>2019-11-08 11:13:00</expired>
    </ad>
  </ads1>
  <fund>
    http://www.cnblogs.com/jailu/archive/2009/08/23/1552371.html
  </fund>
</data>