﻿<?xml version="1.0" encoding="utf-8"?>
<data>
  <version>
    <last>20090804</last>
    <file>http://kaixin001-helper.googlecode.com/files/Fisher_V1.0_20090804.zip</file>
    <size>1241088</size>
    <name>开心渔夫V1.0 20090804</name>
    <publisheddate>2009-08-04</publisheddate>
    <whatsnew>
      <![CDATA[
Kaixin001.Fisher.V1.0.20090804 What's New:
＝＝＝＝＝＝＝＝＝＝＝＝＝＝＝＝＝＝＝＝

1. 修改渔夫登陆方式

2. 修正部分特殊字符未屏蔽的问题

3. 修正“好友鱼塘”面板中，好友列表里的Tab被拖动后，加载列表数据错误的Bug

4. 修正“鱼苗”数据错误的问题

5. 修正帮忙列表，进入好友鱼塘数据错误的Bug

6. 新增手动网鱼功能

7. 提高“登陆”窗体可操作性

8. 新增“渔具”相关数据，新增购买“渔具”功能

9. 新增“更新鱼苗”“更新渔具”等功能

10. 新增“网络代理”功能
      ]]>
    </whatsnew>
  </version>
  <ads>
    <ad>
      <title>
        [8月5日] 广开门庭、招贤纳士：SNSFun开发团队期待你的加入
      </title>
      <url>
        http://bbs.snsfun.com/thread-48237-1-1.html
      </url>
    </ad>
    <ad>
      <title>
        [7月13日] SNSFun个人空间开通了，这里有很多连开心网都没有的趣味小游戏哦
      </title>
      <url>
        http://www.snsfun.com
      </url>
    </ad>
    <ad>
      <title>
        [7月10日] 花园农夫2.0每日偷取统计 v2.33 更新
      </title>
      <url>
        http://bbs.snsfun.com/thread-14404-1-1.html
      </url>
    </ad>
    <ad>
      <title>
        [7月5日] 开心网账号批量登录器(Kaixin001BatchLogin V1.14 Final)更新
      </title>
      <url>
        http://bbs.snsfun.com/thread-34006-1-1.html
      </url>
    </ad>
    <ad>
      <title>
        [7月5日] 简易开心网批量登录器 v1.093 更新
      </title>
      <url>
        http://bbs.snsfun.com/thread-31884-1-1.html
      </url>
    </ad>
    <ad>
      <title>
        [7月3日] 花园农夫V2.0偷取分析助手V1.8 被偷好友统计
      </title>
      <url>
        http://bbs.snsfun.com/thread-17663-1-1.html
      </url>
    </ad>
  </ads>
  <fund>
  </fund>
</data>