﻿<?xml version="1.0" encoding="utf-8"?>
<data>
  <defaultadtitle>更多合作细节，请联系Mr.Jailu@gmail.com。</defaultadtitle>
  <defaultadurl>mailto:mr.jailu@gmail.com</defaultadurl>
  <version>
    <last>20110121</last>
    <file>http://kaixin001-helper.googlecode.com/files/Parker_Build_20110121.zip</file>
    <size>1327798</size>
    <name>开心车夫 Build 20110121</name>
    <publisheddate>2011-01-21</publisheddate>
    <whatsnew>
      <![CDATA[
开心车夫v2.0 20110121 What's New:
＝＝＝＝＝＝＝＝＝＝＝＝＝＝＝＝＝＝＝＝＝＝＝＝＝＝＝＝＝＝
1. 紧急修复开心网调整造成的《车夫》出错的问题


开心车夫v2.0 20110121 What's New:
＝＝＝＝＝＝＝＝＝＝＝＝＝＝＝＝＝＝＝＝＝＝＝＝＝＝＝＝＝＝
注：由于20091114版车夫源码丢失，该版本从20090823升级而来
1、修改车夫底层，完全基于农夫/厨师等最新的SNSHelper组件
2、修正车夫无法加油的Bug
3、修正车夫不以默认浏览器打开网页的Bug
4、修正车夫多次更新时会出错退出的Bug
      ]]>
    </whatsnew>
  </version>
  <ads>
    <ad>
      <title>
        [11月14日] 更多开心网咨询尽在SNSFun开心网交流论坛，马上点击前往
      </title>
      <url>
        http://bbs.snsfun.com
      </url>
      <color>-16744256</color>
    </ad>
    <ad>
      <title>
        [11月14日] 点击进入开心车夫交流中心，和大家一起分享停车乐趣
      </title>
      <url>
        http://bbs.snsfun.com/forum-75-1.html
      </url>
      <color>-13529542</color>
    </ad>
    <ad>
      <title>
        [11月14日] 点击下载开心网花园牧场辅助工具：花园农夫 Build 20091108
      </title>
      <url>
        http://bbs.snsfun.com/thread-74055-1-1.html
      </url>
      <color>-16744256</color>
    </ad>
  </ads>
</data>