﻿<?xml version="1.0" encoding="utf-8"?>
<data>
  <defaultadtitle>更多合作细节，请联系Mr.Jailu@gmail.com。</defaultadtitle>
  <defaultadurl>mailto:mr.jailu@gmail.com</defaultadurl>
  <StartAdFormDisplayedProbability>5</StartAdFormDisplayedProbability>
  <IsDisplayedStartAdForm>1</IsDisplayedStartAdForm>
  <StartAdFormPageUrl>http://jailukaixin.duapp.com/Farmer.htm</StartAdFormPageUrl>
  <TopAd>Jailu@新浪微博</TopAd>
  <TopAdLink>http://weibo.com/jailu</TopAdLink>
  <version>
    <last>20121128</last>
    <last1>20121128</last1>
    <file>http://kaixin001-helper.googlecode.com/files/Farmer_Build_20121128.zip</file>
    <size>1584877</size>
    <name>花园农夫 Build 20121128</name>
    <publisheddate>2012-12-28</publisheddate>
    <whatsnew>
      <![CDATA[
Kaixin001.Framer.Build 20121228 What's New:
＝＝＝＝＝＝＝＝＝＝＝＝＝＝＝＝＝＝＝＝＝＝＝＝＝＝＝＝＝＝

1. 修复开心网调整后，农夫登陆失败的问题
      ]]>
    </whatsnew>
  </version>
  <ads>
    <ad>
      <title>
        [09-26] 农夫服务器种子文件已更新，含桔梗花、紫阳花月宫桂子、桂树、小麦等大量种子信息，欢迎下载更新
      </title>
      <url>
        http://bbs.snsfun.com
      </url>
      <color>-13529542</color>
      <expired>2019-11-08 11:13:00</expired>
    </ad>
    <ad>
      <title>
        X世界辅助工具“X-Man 20100903”闪亮发布，欢迎下载试用
      </title>
      <url>
        http://kaixin001-helper.googlecode.com/files/XMan_Build_20100903.zip
      </url>
      <color>-16744448</color>
      <expired>2019-11-08 11:13:00</expired>
    </ad>
    <ad>
      <title>
        开心网组件《开心餐厅》辅助工具《开心厨师20100921》已发布，欢迎试用
      </title>
      <url>
        http://kaixin001-helper.googlecode.com/files/Cafe_Build_20100921.zip
      </url>
      <color>-65408</color>
      <expired>2019-12-13 23:59:59</expired>
    </ad>
    <ad>
      <title>
        Kaixin001超级大亨实时物价表，最专业的物价表，等你来体验！
      </title>
      <url>
        http://jailu.cn:81/goods.htm?f=1
      </url>
      <color>-65536</color>
      <expired>2019-12-13 23:59:59</expired>
    </ad>
  </ads>
  <ads1>
    <ad>
      <title>
        轻松上手，玩转农夫系列主题
      </title>
      <url>
        http://bbs.snsfun.com/thread-53605-1-1.html
      </url>
      <color>-16744448</color>
      <expired>2019-11-08 11:13:00</expired>
    </ad>
    <ad>
      <title>
        农夫设置初级Flash教程及农夫设置名词解释（并附上农夫部分文件名解释）
      </title>
      <url>
        http://bbs.snsfun.com/thread-60301-1-1.html
      </url>
      <color>-16744256</color>
    </ad>
    <ad>
      <title>
        农夫系列组件、插件及教程索引
      </title>
      <url>
        http://bbs.snsfun.com/thread-63521-1-1.html
      </url>
      <color>-13529542</color>
    </ad>
    <ad>
      <title>
        农夫各种登陆扫描问题汇总
      </title>
      <url>
        http://bbs.snsfun.com/thread-63974-1-1.html
      </url>
      <color>-16744256</color>
    </ad>
    <ad>
      <title>
        验证码识别组件：Mocas验证码识别组件下载
      </title>
      <url>
        http://bbs.snsfun.com/thread-51717-1-1.html
      </url>
      <color>-13529542</color>
    </ad>
  </ads1>
  <fund>
    http://www.cnblogs.com/jailu/archive/2009/08/23/1552371.html
  </fund>
</data>