﻿<?xml version="1.0" encoding="utf-8"?>
<data>
  <defaultadtitle>更多合作细节，请联系Mr.Jailu@gmail.com。</defaultadtitle>
  <defaultadurl>mailto:mr.jailu@gmail.com</defaultadurl>
  <StartAdFormDisplayedProbability>5</StartAdFormDisplayedProbability>
  <IsDisplayedStartAdForm>1</IsDisplayedStartAdForm>
  <StartAdFormPageUrl>http://jailukaixin.duapp.com/wargame.htm</StartAdFormPageUrl>
  <TopAd>开心城市辅助工具：开心城管已发布</TopAd>
  <TopAdLink>http://bbs.snsfun.com/thread-164492-1-1.html</TopAdLink>
  <AddMe>1</AddMe>
  <version>
    <last>20110126</last>
    <last1>20110126</last1>
    <file>http://kaixin001-helper.googlecode.com/files/WarGame_Build_20110126.zip</file>
    <size>119568</size>
    <name>小小领主 Build 20110126</name>
    <publisheddate>2011-01-26</publisheddate>
    <whatsnew>
      <![CDATA[
Kaixin001.WarGame.Build 20110126 What's New:
＝＝＝＝＝＝＝＝＝＝＝＝＝＝＝＝＝＝＝＝＝＝＝＝＝＝＝＝＝＝

1. 修复采取场、训练场显示不全，导致领主未能完全处理Bug
]]>
    </whatsnew>
  </version>
  <ads>
    <ad>
      <title>
        20100105版农夫新增强制防大兵成龙功能，请及时更新！
      </title>
      <url>
        http://bbs.snsfun.com/thread-82550-1-1.html
      </url>
      <color>-65408</color>
      <expired>2019-12-13 23:59:59</expired>
    </ad>
  </ads>
  <ads1>
    <ad>
      <title>
        点击下载最新版开心车夫，修正老版本不加油等问题
      </title>
      <url>
        http://bbs.snsfun.com/viewthread.php?tid=74889
      </url>
      <color>-16744448</color>
      <expired>2019-11-08 11:13:00</expired>
    </ad>
  </ads1>
  <fund>
    http://www.cnblogs.com/jailu/archive/2009/08/23/1552371.html
  </fund>
</data>