﻿<?xml version="1.0" encoding="utf-8"?>
<Seeds>
  <Seed>
    <ID>667</ID>
    <Name>月光桂树</Name>
    <Rank>5</Rank>
    <SeedPrice>0</SeedPrice>
    <FruitPrice>5500</FruitPrice>
    <GrowthCycle>32</GrowthCycle>
    <Theftproof>0</Theftproof>
    <MinNum>15</MinNum>
    <MaxNum>25</MaxNum>
    <NotSteal>0</NotSteal>
    <KXBean>0</KXBean>
  </Seed>
  <Seed>
    <ID>653</ID>
    <Name>小麦</Name>
    <Rank>3</Rank>
    <SeedPrice>350</SeedPrice>
    <FruitPrice>300</FruitPrice>
    <GrowthCycle>32</GrowthCycle>
    <Theftproof>0</Theftproof>
    <MinNum>15</MinNum>
    <MaxNum>25</MaxNum>
    <NotSteal>0</NotSteal>
    <KXBean>0</KXBean>
  </Seed>
  <Seed>
    <ID>113</ID>
    <Name>花生</Name>
    <Rank>4</Rank>
    <SeedPrice>350</SeedPrice>
    <FruitPrice>250</FruitPrice>
    <GrowthCycle>32</GrowthCycle>
    <Theftproof>0</Theftproof>
    <MinNum>16</MinNum>
    <MaxNum>24</MaxNum>
    <NotSteal>0</NotSteal>
    <KXBean>0</KXBean>
  </Seed>
  <Seed>
    <ID>654</ID>
    <Name>桂树</Name>
    <Rank>5</Rank>
    <SeedPrice>0</SeedPrice>
    <FruitPrice>5500</FruitPrice>
    <GrowthCycle>32</GrowthCycle>
    <Theftproof>0</Theftproof>
    <MinNum>15</MinNum>
    <MaxNum>25</MaxNum>
    <NotSteal>0</NotSteal>
    <KXBean>0</KXBean>
  </Seed>
  <Seed>
    <ID>651</ID>
    <Name>梧桐树</Name>
    <Rank>10</Rank>
    <SeedPrice>4000</SeedPrice>
    <FruitPrice>6000</FruitPrice>
    <GrowthCycle>32</GrowthCycle>
    <Theftproof>0</Theftproof>
    <MinNum>4</MinNum>
    <MaxNum>8</MaxNum>
    <NotSteal>0</NotSteal>
    <KXBean>0</KXBean>
  </Seed>
  <Seed>
    <ID>649</ID>
    <Name>地涌金莲</Name>
    <Rank>30</Rank>
    <SeedPrice>9000</SeedPrice>
    <FruitPrice>35000</FruitPrice>
    <GrowthCycle>32</GrowthCycle>
    <Theftproof>0</Theftproof>
    <MinNum>3</MinNum>
    <MaxNum>3</MaxNum>
    <NotSteal>0</NotSteal>
    <KXBean>0</KXBean>
  </Seed>
  <Seed>
    <ID>642</ID>
    <Name>桔梗花</Name>
    <Rank>38</Rank>
    <SeedPrice>7000</SeedPrice>
    <FruitPrice>21500</FruitPrice>
    <GrowthCycle>24</GrowthCycle>
    <Theftproof>0</Theftproof>
    <MinNum>4</MinNum>
    <MaxNum>8</MaxNum>
    <NotSteal>0</NotSteal>
    <KXBean>0</KXBean>
  </Seed>
  <Seed>
    <ID>596</ID>
    <Name>玉叶金花</Name>
    <Rank>16</Rank>
    <SeedPrice>8000</SeedPrice>
    <FruitPrice>12000</FruitPrice>
    <GrowthCycle>36</GrowthCycle>
    <Theftproof>1</Theftproof>
    <MinNum>2</MinNum>
    <MaxNum>6</MaxNum>
    <NotSteal>1</NotSteal>
    <KXBean>0</KXBean>
  </Seed>
  <Seed>
    <ID>244</ID>
    <Name>金仙桃</Name>
    <Rank>7</Rank>
    <SeedPrice>0</SeedPrice>
    <FruitPrice>1650</FruitPrice>
    <GrowthCycle>24</GrowthCycle>
    <Theftproof>0</Theftproof>
    <MinNum>6</MinNum>
    <MaxNum>10</MaxNum>
    <NotSteal>0</NotSteal>
    <KXBean>3</KXBean>
  </Seed>
  <Seed>
    <ID>248</ID>
    <Name>世博花</Name>
    <Rank>3</Rank>
    <SeedPrice>0</SeedPrice>
    <FruitPrice>1000</FruitPrice>
    <GrowthCycle>4</GrowthCycle>
    <Theftproof>0</Theftproof>
    <MinNum>3</MinNum>
    <MaxNum>3</MaxNum>
    <NotSteal>0</NotSteal>
    <KXBean>0</KXBean>
  </Seed>
  <Seed>
    <ID>218</ID>
    <Name>金刻字苹果</Name>
    <Rank>1</Rank>
    <SeedPrice>0</SeedPrice>
    <FruitPrice>20000</FruitPrice>
    <GrowthCycle>120</GrowthCycle>
    <Theftproof>12</Theftproof>
    <MinNum>2</MinNum>
    <MaxNum>6</MaxNum>
    <NotSteal>2</NotSteal>
    <KXBean>2</KXBean>
  </Seed>
  <Seed>
    <ID>173</ID>
    <Name>红刻字苹果</Name>
    <Rank>1</Rank>
    <SeedPrice>0</SeedPrice>
    <FruitPrice>20000</FruitPrice>
    <GrowthCycle>120</GrowthCycle>
    <Theftproof>24</Theftproof>
    <MinNum>4</MinNum>
    <MaxNum>4</MaxNum>
    <NotSteal>0</NotSteal>
    <KXBean>2</KXBean>
  </Seed>
  <Seed>
    <ID>174</ID>
    <Name>七宝葫芦</Name>
    <Rank>1</Rank>
    <SeedPrice>0</SeedPrice>
    <FruitPrice>11000</FruitPrice>
    <GrowthCycle>48</GrowthCycle>
    <Theftproof>1</Theftproof>
    <MinNum>7</MinNum>
    <MaxNum>7</MaxNum>
    <NotSteal>1</NotSteal>
    <KXBean>3</KXBean>
  </Seed>
  <Seed>
    <ID>63</ID>
    <Name>牧草</Name>
    <Rank>1</Rank>
    <SeedPrice>5</SeedPrice>
    <FruitPrice>10</FruitPrice>
    <GrowthCycle>8</GrowthCycle>
    <Theftproof>0</Theftproof>
    <MinNum>40</MinNum>
    <MaxNum>60</MaxNum>
    <NotSteal>0</NotSteal>
    <KXBean>0</KXBean>
  </Seed>
  <Seed>
    <ID>1</ID>
    <Name>胡萝卜</Name>
    <Rank>1</Rank>
    <SeedPrice>30</SeedPrice>
    <FruitPrice>35</FruitPrice>
    <GrowthCycle>12</GrowthCycle>
    <Theftproof>0</Theftproof>
    <MinNum>8</MinNum>
    <MaxNum>28</MaxNum>
    <NotSteal>0</NotSteal>
    <KXBean>0</KXBean>
  </Seed>
  <Seed>
    <ID>36</ID>
    <Name>水稻</Name>
    <Rank>1</Rank>
    <SeedPrice>20</SeedPrice>
    <FruitPrice>60</FruitPrice>
    <GrowthCycle>20</GrowthCycle>
    <Theftproof>0</Theftproof>
    <MinNum>10</MinNum>
    <MaxNum>30</MaxNum>
    <NotSteal>0</NotSteal>
    <KXBean>0</KXBean>
  </Seed>
  <Seed>
    <ID>2</ID>
    <Name>大白菜</Name>
    <Rank>1</Rank>
    <SeedPrice>50</SeedPrice>
    <FruitPrice>50</FruitPrice>
    <GrowthCycle>16</GrowthCycle>
    <Theftproof>0</Theftproof>
    <MinNum>8</MinNum>
    <MaxNum>28</MaxNum>
    <NotSteal>0</NotSteal>
    <KXBean>0</KXBean>
  </Seed>
  <Seed>
    <ID>3</ID>
    <Name>土豆</Name>
    <Rank>1</Rank>
    <SeedPrice>80</SeedPrice>
    <FruitPrice>100</FruitPrice>
    <GrowthCycle>24</GrowthCycle>
    <Theftproof>0</Theftproof>
    <MinNum>8</MinNum>
    <MaxNum>24</MaxNum>
    <NotSteal>0</NotSteal>
    <KXBean>0</KXBean>
  </Seed>
  <Seed>
    <ID>4</ID>
    <Name>牵牛花</Name>
    <Rank>1</Rank>
    <SeedPrice>400</SeedPrice>
    <FruitPrice>135</FruitPrice>
    <GrowthCycle>24</GrowthCycle>
    <Theftproof>0</Theftproof>
    <MinNum>8</MinNum>
    <MaxNum>24</MaxNum>
    <NotSteal>0</NotSteal>
    <KXBean>0</KXBean>
  </Seed>
  <Seed>
    <ID>66</ID>
    <Name>蒲公英</Name>
    <Rank>2</Rank>
    <SeedPrice>40</SeedPrice>
    <FruitPrice>120</FruitPrice>
    <GrowthCycle>24</GrowthCycle>
    <Theftproof>0</Theftproof>
    <MinNum>12</MinNum>
    <MaxNum>24</MaxNum>
    <NotSteal>0</NotSteal>
    <KXBean>0</KXBean>
  </Seed>
  <Seed>
    <ID>51</ID>
    <Name>高粱</Name>
    <Rank>2</Rank>
    <SeedPrice>60</SeedPrice>
    <FruitPrice>120</FruitPrice>
    <GrowthCycle>24</GrowthCycle>
    <Theftproof>0</Theftproof>
    <MinNum>8</MinNum>
    <MaxNum>26</MaxNum>
    <NotSteal>0</NotSteal>
    <KXBean>0</KXBean>
  </Seed>
  <Seed>
    <ID>5</ID>
    <Name>黄瓜</Name>
    <Rank>2</Rank>
    <SeedPrice>100</SeedPrice>
    <FruitPrice>160</FruitPrice>
    <GrowthCycle>32</GrowthCycle>
    <Theftproof>0</Theftproof>
    <MinNum>10</MinNum>
    <MaxNum>26</MaxNum>
    <NotSteal>0</NotSteal>
    <KXBean>0</KXBean>
  </Seed>
  <Seed>
    <ID>6</ID>
    <Name>辣椒</Name>
    <Rank>2</Rank>
    <SeedPrice>120</SeedPrice>
    <FruitPrice>180</FruitPrice>
    <GrowthCycle>36</GrowthCycle>
    <Theftproof>0</Theftproof>
    <MinNum>10</MinNum>
    <MaxNum>26</MaxNum>
    <NotSteal>0</NotSteal>
    <KXBean>0</KXBean>
  </Seed>
  <Seed>
    <ID>88</ID>
    <Name>蘑菇</Name>
    <Rank>2</Rank>
    <SeedPrice>150</SeedPrice>
    <FruitPrice>200</FruitPrice>
    <GrowthCycle>24</GrowthCycle>
    <Theftproof>0</Theftproof>
    <MinNum>12</MinNum>
    <MaxNum>16</MaxNum>
    <NotSteal>0</NotSteal>
    <KXBean>0</KXBean>
  </Seed>
  <Seed>
    <ID>7</ID>
    <Name>玉米</Name>
    <Rank>2</Rank>
    <SeedPrice>150</SeedPrice>
    <FruitPrice>200</FruitPrice>
    <GrowthCycle>40</GrowthCycle>
    <Theftproof>0</Theftproof>
    <MinNum>10</MinNum>
    <MaxNum>26</MaxNum>
    <NotSteal>0</NotSteal>
    <KXBean>0</KXBean>
  </Seed>
  <Seed>
    <ID>38</ID>
    <Name>茉莉花</Name>
    <Rank>2</Rank>
    <SeedPrice>300</SeedPrice>
    <FruitPrice>250</FruitPrice>
    <GrowthCycle>32</GrowthCycle>
    <Theftproof>0</Theftproof>
    <MinNum>8</MinNum>
    <MaxNum>24</MaxNum>
    <NotSteal>0</NotSteal>
    <KXBean>0</KXBean>
  </Seed>
  <Seed>
    <ID>8</ID>
    <Name>豆角</Name>
    <Rank>3</Rank>
    <SeedPrice>180</SeedPrice>
    <FruitPrice>120</FruitPrice>
    <GrowthCycle>24</GrowthCycle>
    <Theftproof>0</Theftproof>
    <MinNum>8</MinNum>
    <MaxNum>24</MaxNum>
    <NotSteal>0</NotSteal>
    <KXBean>0</KXBean>
  </Seed>
  <Seed>
    <ID>10</ID>
    <Name>茄子</Name>
    <Rank>3</Rank>
    <SeedPrice>200</SeedPrice>
    <FruitPrice>140</FruitPrice>
    <GrowthCycle>28</GrowthCycle>
    <Theftproof>0</Theftproof>
    <MinNum>8</MinNum>
    <MaxNum>24</MaxNum>
    <NotSteal>0</NotSteal>
    <KXBean>0</KXBean>
  </Seed>
  <Seed>
    <ID>92</ID>
    <Name>杏</Name>
    <Rank>3</Rank>
    <SeedPrice>200</SeedPrice>
    <FruitPrice>150</FruitPrice>
    <GrowthCycle>24</GrowthCycle>
    <Theftproof>0</Theftproof>
    <MinNum>16</MinNum>
    <MaxNum>24</MaxNum>
    <NotSteal>0</NotSteal>
    <KXBean>0</KXBean>
  </Seed>
  <Seed>
    <ID>27</ID>
    <Name>菠菜</Name>
    <Rank>3</Rank>
    <SeedPrice>250</SeedPrice>
    <FruitPrice>130</FruitPrice>
    <GrowthCycle>28</GrowthCycle>
    <Theftproof>0</Theftproof>
    <MinNum>8</MinNum>
    <MaxNum>24</MaxNum>
    <NotSteal>0</NotSteal>
    <KXBean>0</KXBean>
  </Seed>
  <Seed>
    <ID>56</ID>
    <Name>薰衣草</Name>
    <Rank>3</Rank>
    <SeedPrice>300</SeedPrice>
    <FruitPrice>200</FruitPrice>
    <GrowthCycle>32</GrowthCycle>
    <Theftproof>0</Theftproof>
    <MinNum>16</MinNum>
    <MaxNum>24</MaxNum>
    <NotSteal>0</NotSteal>
    <KXBean>0</KXBean>
  </Seed>
  <Seed>
    <ID>11</ID>
    <Name>番茄</Name>
    <Rank>3</Rank>
    <SeedPrice>300</SeedPrice>
    <FruitPrice>160</FruitPrice>
    <GrowthCycle>32</GrowthCycle>
    <Theftproof>0</Theftproof>
    <MinNum>10</MinNum>
    <MaxNum>22</MaxNum>
    <NotSteal>0</NotSteal>
    <KXBean>0</KXBean>
  </Seed>
  <Seed>
    <ID>9</ID>
    <Name>向日葵</Name>
    <Rank>3</Rank>
    <SeedPrice>800</SeedPrice>
    <FruitPrice>500</FruitPrice>
    <GrowthCycle>40</GrowthCycle>
    <Theftproof>0</Theftproof>
    <MinNum>6</MinNum>
    <MaxNum>10</MaxNum>
    <NotSteal>0</NotSteal>
    <KXBean>0</KXBean>
  </Seed>
  <Seed>
    <ID>48</ID>
    <Name>油菜花</Name>
    <Rank>3</Rank>
    <SeedPrice>200</SeedPrice>
    <FruitPrice>140</FruitPrice>
    <GrowthCycle>20</GrowthCycle>
    <Theftproof>0</Theftproof>
    <MinNum>8</MinNum>
    <MaxNum>24</MaxNum>
    <NotSteal>0</NotSteal>
    <KXBean>0</KXBean>
  </Seed>
  <Seed>
    <ID>49</ID>
    <Name>芦荟</Name>
    <Rank>3</Rank>
    <SeedPrice>300</SeedPrice>
    <FruitPrice>220</FruitPrice>
    <GrowthCycle>32</GrowthCycle>
    <Theftproof>0</Theftproof>
    <MinNum>12</MinNum>
    <MaxNum>24</MaxNum>
    <NotSteal>0</NotSteal>
    <KXBean>0</KXBean>
  </Seed>
  <Seed>
    <ID>240</ID>
    <Name>迎春花</Name>
    <Rank>4</Rank>
    <SeedPrice>666</SeedPrice>
    <FruitPrice>1100</FruitPrice>
    <GrowthCycle>24</GrowthCycle>
    <Theftproof>0</Theftproof>
    <MinNum>15</MinNum>
    <MaxNum>24</MaxNum>
    <NotSteal>0</NotSteal>
    <KXBean>0</KXBean>
  </Seed>
  <Seed>
    <ID>64</ID>
    <Name>棉花</Name>
    <Rank>4</Rank>
    <SeedPrice>300</SeedPrice>
    <FruitPrice>320</FruitPrice>
    <GrowthCycle>36</GrowthCycle>
    <Theftproof>0</Theftproof>
    <MinNum>12</MinNum>
    <MaxNum>24</MaxNum>
    <NotSteal>0</NotSteal>
    <KXBean>0</KXBean>
  </Seed>
  <Seed>
    <ID>12</ID>
    <Name>香蕉</Name>
    <Rank>4</Rank>
    <SeedPrice>400</SeedPrice>
    <FruitPrice>250</FruitPrice>
    <GrowthCycle>36</GrowthCycle>
    <Theftproof>0</Theftproof>
    <MinNum>8</MinNum>
    <MaxNum>20</MaxNum>
    <NotSteal>0</NotSteal>
    <KXBean>0</KXBean>
  </Seed>
  <Seed>
    <ID>40</ID>
    <Name>杨梅</Name>
    <Rank>4</Rank>
    <SeedPrice>400</SeedPrice>
    <FruitPrice>450</FruitPrice>
    <GrowthCycle>36</GrowthCycle>
    <Theftproof>0</Theftproof>
    <MinNum>8</MinNum>
    <MaxNum>20</MaxNum>
    <NotSteal>0</NotSteal>
    <KXBean>0</KXBean>
  </Seed>
  <Seed>
    <ID>68</ID>
    <Name>海棠</Name>
    <Rank>4</Rank>
    <SeedPrice>400</SeedPrice>
    <FruitPrice>450</FruitPrice>
    <GrowthCycle>36</GrowthCycle>
    <Theftproof>0</Theftproof>
    <MinNum>10</MinNum>
    <MaxNum>22</MaxNum>
    <NotSteal>0</NotSteal>
    <KXBean>0</KXBean>
  </Seed>
  <Seed>
    <ID>41</ID>
    <Name>苹果</Name>
    <Rank>4</Rank>
    <SeedPrice>400</SeedPrice>
    <FruitPrice>450</FruitPrice>
    <GrowthCycle>36</GrowthCycle>
    <Theftproof>0</Theftproof>
    <MinNum>8</MinNum>
    <MaxNum>20</MaxNum>
    <NotSteal>0</NotSteal>
    <KXBean>0</KXBean>
  </Seed>
  <Seed>
    <ID>50</ID>
    <Name>樱花</Name>
    <Rank>4</Rank>
    <SeedPrice>400</SeedPrice>
    <FruitPrice>450</FruitPrice>
    <GrowthCycle>36</GrowthCycle>
    <Theftproof>0</Theftproof>
    <MinNum>8</MinNum>
    <MaxNum>20</MaxNum>
    <NotSteal>0</NotSteal>
    <KXBean>0</KXBean>
  </Seed>
  <Seed>
    <ID>96</ID>
    <Name>板栗</Name>
    <Rank>4</Rank>
    <SeedPrice>400</SeedPrice>
    <FruitPrice>450</FruitPrice>
    <GrowthCycle>28</GrowthCycle>
    <Theftproof>0</Theftproof>
    <MinNum>8</MinNum>
    <MaxNum>20</MaxNum>
    <NotSteal>0</NotSteal>
    <KXBean>0</KXBean>
  </Seed>
  <Seed>
    <ID>59</ID>
    <Name>康乃馨</Name>
    <Rank>4</Rank>
    <SeedPrice>1000</SeedPrice>
    <FruitPrice>500</FruitPrice>
    <GrowthCycle>36</GrowthCycle>
    <Theftproof>0</Theftproof>
    <MinNum>10</MinNum>
    <MaxNum>18</MaxNum>
    <NotSteal>0</NotSteal>
    <KXBean>0</KXBean>
  </Seed>
  <Seed>
    <ID>14</ID>
    <Name>玫瑰</Name>
    <Rank>4</Rank>
    <SeedPrice>1500</SeedPrice>
    <FruitPrice>1000</FruitPrice>
    <GrowthCycle>72</GrowthCycle>
    <Theftproof>0</Theftproof>
    <MinNum>6</MinNum>
    <MaxNum>14</MaxNum>
    <NotSteal>0</NotSteal>
    <KXBean>0</KXBean>
  </Seed>
  <Seed>
    <ID>52</ID>
    <Name>菠萝</Name>
    <Rank>5</Rank>
    <SeedPrice>600</SeedPrice>
    <FruitPrice>400</FruitPrice>
    <GrowthCycle>40</GrowthCycle>
    <Theftproof>0</Theftproof>
    <MinNum>10</MinNum>
    <MaxNum>18</MaxNum>
    <NotSteal>0</NotSteal>
    <KXBean>0</KXBean>
  </Seed>
  <Seed>
    <ID>15</ID>
    <Name>草莓</Name>
    <Rank>5</Rank>
    <SeedPrice>600</SeedPrice>
    <FruitPrice>400</FruitPrice>
    <GrowthCycle>40</GrowthCycle>
    <Theftproof>0</Theftproof>
    <MinNum>10</MinNum>
    <MaxNum>18</MaxNum>
    <NotSteal>0</NotSteal>
    <KXBean>0</KXBean>
  </Seed>
  <Seed>
    <ID>97</ID>
    <Name>玉兰</Name>
    <Rank>5</Rank>
    <SeedPrice>600</SeedPrice>
    <FruitPrice>500</FruitPrice>
    <GrowthCycle>32</GrowthCycle>
    <Theftproof>0</Theftproof>
    <MinNum>8</MinNum>
    <MaxNum>16</MaxNum>
    <NotSteal>0</NotSteal>
    <KXBean>0</KXBean>
  </Seed>
  <Seed>
    <ID>26</ID>
    <Name>仙人掌</Name>
    <Rank>5</Rank>
    <SeedPrice>800</SeedPrice>
    <FruitPrice>500</FruitPrice>
    <GrowthCycle>32</GrowthCycle>
    <Theftproof>0</Theftproof>
    <MinNum>8</MinNum>
    <MaxNum>12</MaxNum>
    <NotSteal>0</NotSteal>
    <KXBean>0</KXBean>
  </Seed>
  <Seed>
    <ID>58</ID>
    <Name>石榴</Name>
    <Rank>5</Rank>
    <SeedPrice>800</SeedPrice>
    <FruitPrice>450</FruitPrice>
    <GrowthCycle>44</GrowthCycle>
    <Theftproof>0</Theftproof>
    <MinNum>10</MinNum>
    <MaxNum>18</MaxNum>
    <NotSteal>0</NotSteal>
    <KXBean>0</KXBean>
  </Seed>
  <Seed>
    <ID>90</ID>
    <Name>荔枝</Name>
    <Rank>5</Rank>
    <SeedPrice>800</SeedPrice>
    <FruitPrice>600</FruitPrice>
    <GrowthCycle>36</GrowthCycle>
    <Theftproof>0</Theftproof>
    <MinNum>6</MinNum>
    <MaxNum>14</MaxNum>
    <NotSteal>0</NotSteal>
    <KXBean>0</KXBean>
  </Seed>
  <Seed>
    <ID>91</ID>
    <Name>火龙果</Name>
    <Rank>5</Rank>
    <SeedPrice>1000</SeedPrice>
    <FruitPrice>650</FruitPrice>
    <GrowthCycle>40</GrowthCycle>
    <Theftproof>0</Theftproof>
    <MinNum>6</MinNum>
    <MaxNum>14</MaxNum>
    <NotSteal>0</NotSteal>
    <KXBean>0</KXBean>
  </Seed>
  <Seed>
    <ID>89</ID>
    <Name>兰花</Name>
    <Rank>5</Rank>
    <SeedPrice>1000</SeedPrice>
    <FruitPrice>800</FruitPrice>
    <GrowthCycle>32</GrowthCycle>
    <Theftproof>0</Theftproof>
    <MinNum>6</MinNum>
    <MaxNum>14</MaxNum>
    <NotSteal>0</NotSteal>
    <KXBean>0</KXBean>
  </Seed>
  <Seed>
    <ID>85</ID>
    <Name>紫罗兰</Name>
    <Rank>5</Rank>
    <SeedPrice>1000</SeedPrice>
    <FruitPrice>600</FruitPrice>
    <GrowthCycle>36</GrowthCycle>
    <Theftproof>0</Theftproof>
    <MinNum>6</MinNum>
    <MaxNum>14</MaxNum>
    <NotSteal>0</NotSteal>
    <KXBean>0</KXBean>
  </Seed>
  <Seed>
    <ID>16</ID>
    <Name>菊花</Name>
    <Rank>5</Rank>
    <SeedPrice>1800</SeedPrice>
    <FruitPrice>1200</FruitPrice>
    <GrowthCycle>68</GrowthCycle>
    <Theftproof>4</Theftproof>
    <MinNum>8</MinNum>
    <MaxNum>12</MaxNum>
    <NotSteal>0</NotSteal>
    <KXBean>0</KXBean>
  </Seed>
  <Seed>
    <ID>28</ID>
    <Name>南瓜</Name>
    <Rank>6</Rank>
    <SeedPrice>700</SeedPrice>
    <FruitPrice>450</FruitPrice>
    <GrowthCycle>32</GrowthCycle>
    <Theftproof>0</Theftproof>
    <MinNum>10</MinNum>
    <MaxNum>18</MaxNum>
    <NotSteal>0</NotSteal>
    <KXBean>0</KXBean>
  </Seed>
  <Seed>
    <ID>53</ID>
    <Name>芒果</Name>
    <Rank>6</Rank>
    <SeedPrice>700</SeedPrice>
    <FruitPrice>400</FruitPrice>
    <GrowthCycle>32</GrowthCycle>
    <Theftproof>0</Theftproof>
    <MinNum>8</MinNum>
    <MaxNum>16</MaxNum>
    <NotSteal>0</NotSteal>
    <KXBean>0</KXBean>
  </Seed>
  <Seed>
    <ID>54</ID>
    <Name>椰子</Name>
    <Rank>6</Rank>
    <SeedPrice>800</SeedPrice>
    <FruitPrice>600</FruitPrice>
    <GrowthCycle>40</GrowthCycle>
    <Theftproof>0</Theftproof>
    <MinNum>6</MinNum>
    <MaxNum>14</MaxNum>
    <NotSteal>0</NotSteal>
    <KXBean>0</KXBean>
  </Seed>
  <Seed>
    <ID>57</ID>
    <Name>梅花</Name>
    <Rank>6</Rank>
    <SeedPrice>1200</SeedPrice>
    <FruitPrice>400</FruitPrice>
    <GrowthCycle>40</GrowthCycle>
    <Theftproof>0</Theftproof>
    <MinNum>12</MinNum>
    <MaxNum>20</MaxNum>
    <NotSteal>0</NotSteal>
    <KXBean>0</KXBean>
  </Seed>
  <Seed>
    <ID>93</ID>
    <Name>哈密瓜</Name>
    <Rank>6</Rank>
    <SeedPrice>1300</SeedPrice>
    <FruitPrice>450</FruitPrice>
    <GrowthCycle>28</GrowthCycle>
    <Theftproof>0</Theftproof>
    <MinNum>10</MinNum>
    <MaxNum>18</MaxNum>
    <NotSteal>0</NotSteal>
    <KXBean>0</KXBean>
  </Seed>
  <Seed>
    <ID>65</ID>
    <Name>食人草</Name>
    <Rank>6</Rank>
    <SeedPrice>1400</SeedPrice>
    <FruitPrice>500</FruitPrice>
    <GrowthCycle>40</GrowthCycle>
    <Theftproof>0</Theftproof>
    <MinNum>12</MinNum>
    <MaxNum>20</MaxNum>
    <NotSteal>0</NotSteal>
    <KXBean>0</KXBean>
  </Seed>
  <Seed>
    <ID>101</ID>
    <Name>彩虹菊</Name>
    <Rank>6</Rank>
    <SeedPrice>800</SeedPrice>
    <FruitPrice>600</FruitPrice>
    <GrowthCycle>32</GrowthCycle>
    <Theftproof>0</Theftproof>
    <MinNum>8</MinNum>
    <MaxNum>16</MaxNum>
    <NotSteal>0</NotSteal>
    <KXBean>0</KXBean>
  </Seed>
  <Seed>
    <ID>95</ID>
    <Name>竹子</Name>
    <Rank>7</Rank>
    <SeedPrice>2000</SeedPrice>
    <FruitPrice>600</FruitPrice>
    <GrowthCycle>28</GrowthCycle>
    <Theftproof>0</Theftproof>
    <MinNum>14</MinNum>
    <MaxNum>18</MaxNum>
    <NotSteal>0</NotSteal>
    <KXBean>0</KXBean>
  </Seed>
  <Seed>
    <ID>241</ID>
    <Name>极品枸杞</Name>
    <Rank>7</Rank>
    <SeedPrice>1600</SeedPrice>
    <FruitPrice>900</FruitPrice>
    <GrowthCycle>24</GrowthCycle>
    <Theftproof>0</Theftproof>
    <MinNum>15</MinNum>
    <MaxNum>20</MaxNum>
    <NotSteal>0</NotSteal>
    <KXBean>0</KXBean>
  </Seed>
  <Seed>
    <ID>17</ID>
    <Name>神秘玫瑰</Name>
    <Rank>7</Rank>
    <SeedPrice>4000</SeedPrice>
    <FruitPrice>7000</FruitPrice>
    <GrowthCycle>80</GrowthCycle>
    <Theftproof>4</Theftproof>
    <MinNum>4</MinNum>
    <MaxNum>8</MaxNum>
    <NotSteal>0</NotSteal>
    <KXBean>0</KXBean>
  </Seed>
  <Seed>
    <ID>94</ID>
    <Name>绿茶</Name>
    <Rank>8</Rank>
    <SeedPrice>2000</SeedPrice>
    <FruitPrice>2000</FruitPrice>
    <GrowthCycle>28</GrowthCycle>
    <Theftproof>0</Theftproof>
    <MinNum>8</MinNum>
    <MaxNum>12</MaxNum>
    <NotSteal>0</NotSteal>
    <KXBean>0</KXBean>
  </Seed>
  <Seed>
    <ID>19</ID>
    <Name>牡丹</Name>
    <Rank>8</Rank>
    <SeedPrice>4000</SeedPrice>
    <FruitPrice>2200</FruitPrice>
    <GrowthCycle>44</GrowthCycle>
    <Theftproof>1</Theftproof>
    <MinNum>4</MinNum>
    <MaxNum>8</MaxNum>
    <NotSteal>0</NotSteal>
    <KXBean>0</KXBean>
  </Seed>
  <Seed>
    <ID>18</ID>
    <Name>人参果</Name>
    <Rank>8</Rank>
    <SeedPrice>5000</SeedPrice>
    <FruitPrice>4000</FruitPrice>
    <GrowthCycle>48</GrowthCycle>
    <Theftproof>1</Theftproof>
    <MinNum>2</MinNum>
    <MaxNum>6</MaxNum>
    <NotSteal>0</NotSteal>
    <KXBean>0</KXBean>
  </Seed>
  <Seed>
    <ID>42</ID>
    <Name>郁金香</Name>
    <Rank>10</Rank>
    <SeedPrice>5000</SeedPrice>
    <FruitPrice>5200</FruitPrice>
    <GrowthCycle>52</GrowthCycle>
    <Theftproof>1</Theftproof>
    <MinNum>4</MinNum>
    <MaxNum>8</MaxNum>
    <NotSteal>0</NotSteal>
    <KXBean>0</KXBean>
  </Seed>
  <Seed>
    <ID>20</ID>
    <Name>百合</Name>
    <Rank>11</Rank>
    <SeedPrice>5000</SeedPrice>
    <FruitPrice>3200</FruitPrice>
    <GrowthCycle>56</GrowthCycle>
    <Theftproof>0</Theftproof>
    <MinNum>4</MinNum>
    <MaxNum>8</MaxNum>
    <NotSteal>0</NotSteal>
    <KXBean>0</KXBean>
  </Seed>
  <Seed>
    <ID>23</ID>
    <Name>雪莲</Name>
    <Rank>12</Rank>
    <SeedPrice>6000</SeedPrice>
    <FruitPrice>10000</FruitPrice>
    <GrowthCycle>56</GrowthCycle>
    <Theftproof>1</Theftproof>
    <MinNum>2</MinNum>
    <MaxNum>6</MaxNum>
    <NotSteal>1</NotSteal>
    <KXBean>0</KXBean>
  </Seed>
  <Seed>
    <ID>24</ID>
    <Name>灵芝</Name>
    <Rank>13</Rank>
    <SeedPrice>8000</SeedPrice>
    <FruitPrice>12000</FruitPrice>
    <GrowthCycle>60</GrowthCycle>
    <Theftproof>1</Theftproof>
    <MinNum>2</MinNum>
    <MaxNum>6</MaxNum>
    <NotSteal>1</NotSteal>
    <KXBean>0</KXBean>
  </Seed>
  <Seed>
    <ID>22</ID>
    <Name>冬虫夏草</Name>
    <Rank>14</Rank>
    <SeedPrice>10000</SeedPrice>
    <FruitPrice>13000</FruitPrice>
    <GrowthCycle>64</GrowthCycle>
    <Theftproof>1</Theftproof>
    <MinNum>4</MinNum>
    <MaxNum>4</MaxNum>
    <NotSteal>1</NotSteal>
    <KXBean>0</KXBean>
  </Seed>
  <Seed>
    <ID>21</ID>
    <Name>人参</Name>
    <Rank>15</Rank>
    <SeedPrice>12000</SeedPrice>
    <FruitPrice>120000</FruitPrice>
    <GrowthCycle>480</GrowthCycle>
    <Theftproof>24</Theftproof>
    <MinNum>4</MinNum>
    <MaxNum>4</MaxNum>
    <NotSteal>1</NotSteal>
    <KXBean>0</KXBean>
  </Seed>
  <Seed>
    <ID>117</ID>
    <Name>绣球花</Name>
    <Rank>16</Rank>
    <SeedPrice>3000</SeedPrice>
    <FruitPrice>4500</FruitPrice>
    <GrowthCycle>36</GrowthCycle>
    <Theftproof>0</Theftproof>
    <MinNum>4</MinNum>
    <MaxNum>4</MaxNum>
    <NotSteal>1</NotSteal>
    <KXBean>0</KXBean>
  </Seed>
  <Seed>
    <ID>245</ID>
    <Name>水仙</Name>
    <Rank>20</Rank>
    <SeedPrice>2000</SeedPrice>
    <FruitPrice>1750</FruitPrice>
    <GrowthCycle>60</GrowthCycle>
    <Theftproof>0</Theftproof>
    <MinNum>8</MinNum>
    <MaxNum>10</MaxNum>
    <NotSteal>0</NotSteal>
    <KXBean>0</KXBean>
  </Seed>
  <Seed>
    <ID>86</ID>
    <Name>珙桐</Name>
    <Rank>20</Rank>
    <SeedPrice>4000</SeedPrice>
    <FruitPrice>5000</FruitPrice>
    <GrowthCycle>40</GrowthCycle>
    <Theftproof>2</Theftproof>
    <MinNum>4</MinNum>
    <MaxNum>8</MaxNum>
    <NotSteal>1</NotSteal>
    <KXBean>0</KXBean>
  </Seed>
  <Seed>
    <ID>123</ID>
    <Name>虞美人</Name>
    <Rank>20</Rank>
    <SeedPrice>4500</SeedPrice>
    <FruitPrice>7000</FruitPrice>
    <GrowthCycle>36</GrowthCycle>
    <Theftproof>0</Theftproof>
    <MinNum>4</MinNum>
    <MaxNum>8</MaxNum>
    <NotSteal>0</NotSteal>
    <KXBean>0</KXBean>
  </Seed>
  <Seed>
    <ID>84</ID>
    <Name>何首乌</Name>
    <Rank>25</Rank>
    <SeedPrice>6000</SeedPrice>
    <FruitPrice>10000</FruitPrice>
    <GrowthCycle>56</GrowthCycle>
    <Theftproof>1</Theftproof>
    <MinNum>4</MinNum>
    <MaxNum>4</MaxNum>
    <NotSteal>1</NotSteal>
    <KXBean>0</KXBean>
  </Seed>
  <Seed>
    <ID>103</ID>
    <Name>藏红花</Name>
    <Rank>28</Rank>
    <SeedPrice>7000</SeedPrice>
    <FruitPrice>11000</FruitPrice>
    <GrowthCycle>56</GrowthCycle>
    <Theftproof>1</Theftproof>
    <MinNum>2</MinNum>
    <MaxNum>6</MaxNum>
    <NotSteal>1</NotSteal>
    <KXBean>0</KXBean>
  </Seed>
  <Seed>
    <ID>104</ID>
    <Name>曼珠沙华</Name>
    <Rank>30</Rank>
    <SeedPrice>8000</SeedPrice>
    <FruitPrice>9500</FruitPrice>
    <GrowthCycle>48</GrowthCycle>
    <Theftproof>0</Theftproof>
    <MinNum>4</MinNum>
    <MaxNum>8</MaxNum>
    <NotSteal>1</NotSteal>
    <KXBean>0</KXBean>
  </Seed>
  <Seed>
    <ID>112</ID>
    <Name>断肠草</Name>
    <Rank>30</Rank>
    <SeedPrice>8000</SeedPrice>
    <FruitPrice>13000</FruitPrice>
    <GrowthCycle>56</GrowthCycle>
    <Theftproof>0</Theftproof>
    <MinNum>4</MinNum>
    <MaxNum>4</MaxNum>
    <NotSteal>1</NotSteal>
    <KXBean>0</KXBean>
  </Seed>
  <Seed>
    <ID>114</ID>
    <Name>曼陀罗</Name>
    <Rank>32</Rank>
    <SeedPrice>8000</SeedPrice>
    <FruitPrice>6200</FruitPrice>
    <GrowthCycle>32</GrowthCycle>
    <Theftproof>0</Theftproof>
    <MinNum>4</MinNum>
    <MaxNum>8</MaxNum>
    <NotSteal>1</NotSteal>
    <KXBean>0</KXBean>
  </Seed>
  <Seed>
    <ID>222</ID>
    <Name>鸢尾花</Name>
    <Rank>46</Rank>
    <SeedPrice>20000</SeedPrice>
    <FruitPrice>4500</FruitPrice>
    <GrowthCycle>60</GrowthCycle>
    <Theftproof>0</Theftproof>
    <MinNum>6</MinNum>
    <MaxNum>10</MaxNum>
    <NotSteal>0</NotSteal>
    <KXBean>0</KXBean>
  </Seed>
  <Seed>
    <ID>221</ID>
    <Name>睡火莲</Name>
    <Rank>55</Rank>
    <SeedPrice>22000</SeedPrice>
    <FruitPrice>32500</FruitPrice>
    <GrowthCycle>56</GrowthCycle>
    <Theftproof>4</Theftproof>
    <MinNum>2</MinNum>
    <MaxNum>2</MaxNum>
    <NotSteal>1</NotSteal>
    <KXBean>0</KXBean>
  </Seed>
  <Seed>
    <ID>208</ID>
    <Name>风信子</Name>
    <Rank>46</Rank>
    <SeedPrice>20000</SeedPrice>
    <FruitPrice>17500</FruitPrice>
    <GrowthCycle>56</GrowthCycle>
    <Theftproof>0</Theftproof>
    <MinNum>2</MinNum>
    <MaxNum>6</MaxNum>
    <NotSteal>0</NotSteal>
    <KXBean>0</KXBean>
  </Seed>
  <Seed>
    <ID>207</ID>
    <Name>三色堇</Name>
    <Rank>6</Rank>
    <SeedPrice>5000</SeedPrice>
    <FruitPrice>6000</FruitPrice>
    <GrowthCycle>32</GrowthCycle>
    <Theftproof>0</Theftproof>
    <MinNum>4</MinNum>
    <MaxNum>8</MaxNum>
    <NotSteal>0</NotSteal>
    <KXBean>0</KXBean>
  </Seed>
  <Seed>
    <ID>206</ID>
    <Name>铃兰</Name>
    <Rank>32</Rank>
    <SeedPrice>9000</SeedPrice>
    <FruitPrice>10000</FruitPrice>
    <GrowthCycle>48</GrowthCycle>
    <Theftproof>1</Theftproof>
    <MinNum>2</MinNum>
    <MaxNum>6</MaxNum>
    <NotSteal>0</NotSteal>
    <KXBean>0</KXBean>
  </Seed>
  <Seed>
    <ID>200</ID>
    <Name>绿绒蒿</Name>
    <Rank>30</Rank>
    <SeedPrice>10000</SeedPrice>
    <FruitPrice>11000</FruitPrice>
    <GrowthCycle>56</GrowthCycle>
    <Theftproof>0</Theftproof>
    <MinNum>2</MinNum>
    <MaxNum>6</MaxNum>
    <NotSteal>0</NotSteal>
    <KXBean>0</KXBean>
  </Seed>
  <Seed>
    <ID>195</ID>
    <Name>多色荷花</Name>
    <Rank>7</Rank>
    <SeedPrice>1000</SeedPrice>
    <FruitPrice>800</FruitPrice>
    <GrowthCycle>44</GrowthCycle>
    <Theftproof>0</Theftproof>
    <MinNum>10</MinNum>
    <MaxNum>14</MaxNum>
    <NotSteal>0</NotSteal>
    <KXBean>0</KXBean>
  </Seed>
  <Seed>
    <ID>183</ID>
    <Name>扶桑花</Name>
    <Rank>6</Rank>
    <SeedPrice>5000</SeedPrice>
    <FruitPrice>6000</FruitPrice>
    <GrowthCycle>32</GrowthCycle>
    <Theftproof>0</Theftproof>
    <MinNum>4</MinNum>
    <MaxNum>8</MaxNum>
    <NotSteal>0</NotSteal>
    <KXBean>0</KXBean>
  </Seed>
  <Seed>
    <ID>182</ID>
    <Name>缅栀</Name>
    <Rank>46</Rank>
    <SeedPrice>20000</SeedPrice>
    <FruitPrice>17500</FruitPrice>
    <GrowthCycle>56</GrowthCycle>
    <Theftproof>0</Theftproof>
    <MinNum>2</MinNum>
    <MaxNum>6</MaxNum>
    <NotSteal>1</NotSteal>
    <KXBean>0</KXBean>
  </Seed>
  <Seed>
    <ID>133</ID>
    <Name>天堂鸟</Name>
    <Rank>0</Rank>
    <SeedPrice>12000</SeedPrice>
    <FruitPrice>15000</FruitPrice>
    <GrowthCycle>56</GrowthCycle>
    <Theftproof>0</Theftproof>
    <MinNum>2</MinNum>
    <MaxNum>6</MaxNum>
    <NotSteal>1</NotSteal>
    <KXBean>0</KXBean>
  </Seed>
  <Seed>
    <ID>102</ID>
    <Name>摇钱树</Name>
    <Rank>1</Rank>
    <SeedPrice>0</SeedPrice>
    <FruitPrice>10000</FruitPrice>
    <GrowthCycle>120</GrowthCycle>
    <Theftproof>0</Theftproof>
    <MinNum>6</MinNum>
    <MaxNum>6</MaxNum>
    <NotSteal>1</NotSteal>
    <KXBean>0</KXBean>
  </Seed>
  <Seed>
    <ID>61</ID>
    <Name>友谊花</Name>
    <Rank>1</Rank>
    <SeedPrice>0</SeedPrice>
    <FruitPrice>10000</FruitPrice>
    <GrowthCycle>36</GrowthCycle>
    <Theftproof>0</Theftproof>
    <MinNum>2</MinNum>
    <MaxNum>2</MaxNum>
    <NotSteal>0</NotSteal>
    <KXBean>0</KXBean>
  </Seed>
  <Seed>
    <ID>60</ID>
    <Name>葡萄</Name>
    <Rank>6</Rank>
    <SeedPrice>1500</SeedPrice>
    <FruitPrice>420</FruitPrice>
    <GrowthCycle>44</GrowthCycle>
    <Theftproof>0</Theftproof>
    <MinNum>14</MinNum>
    <MaxNum>22</MaxNum>
    <NotSteal>0</NotSteal>
    <KXBean>0</KXBean>
  </Seed>
  <Seed>
    <ID>39</ID>
    <Name>爱情果</Name>
    <Rank>1</Rank>
    <SeedPrice>0</SeedPrice>
    <FruitPrice>10000</FruitPrice>
    <GrowthCycle>40</GrowthCycle>
    <Theftproof>0</Theftproof>
    <MinNum>2</MinNum>
    <MaxNum>2</MaxNum>
    <NotSteal>0</NotSteal>
    <KXBean>0</KXBean>
  </Seed>
  <Seed>
    <ID>37</ID>
    <Name>桃子</Name>
    <Rank>4</Rank>
    <SeedPrice>300</SeedPrice>
    <FruitPrice>200</FruitPrice>
    <GrowthCycle>36</GrowthCycle>
    <Theftproof>0</Theftproof>
    <MinNum>12</MinNum>
    <MaxNum>24</MaxNum>
    <NotSteal>0</NotSteal>
    <KXBean>0</KXBean>
  </Seed>
  <Seed>
    <ID>13</ID>
    <Name>西瓜</Name>
    <Rank>4</Rank>
    <SeedPrice>500</SeedPrice>
    <FruitPrice>300</FruitPrice>
    <GrowthCycle>40</GrowthCycle>
    <Theftproof>0</Theftproof>
    <MinNum>8</MinNum>
    <MaxNum>20</MaxNum>
    <NotSteal>0</NotSteal>
    <KXBean>0</KXBean>
  </Seed>
</Seeds>