﻿<?xml version="1.0" encoding="utf-8"?>
<files>
  <file>
    <name>CommonSeed</name>
    <path>http://kaixin001-helper.googlecode.com/svn/trunk/SNSHelper/CommonSeed.xml</path>
    <date>2010-09-26 10:52:56</date>
  </file>
  <file>
    <name>SpecialSeed</name>
    <path>http://kaixin001-helper.googlecode.com/svn/trunk/SNSHelper/SpecialSeed.xml</path>
    <date>2010-09-26 10:52:56</date>
  </file>
  <file>
    <name>Animals</name>
    <path>http://kaixin001-helper.googlecode.com/svn/trunk/SNSHelper/Animals.xml</path>
    <date>2010-09-26 10:52:56</date>
  </file>
</files>